se_type,keyword,location_code,language_code,keyword_info,keyword_info_normalized_with_bing,keyword_info_normalized_with_clickstream,clickstream_keyword_info,keyword_properties,serp_info,avg_backlinks_info,search_intent_info,search_volume,cpc,competition,competition_level,monthly_searches,source,seed_term,depth,related_keywords,keyword_se_type,keyword_last_updated_time,keyword_competition,keyword_competition_level,keyword_cpc,keyword_search_volume,keyword_low_top_of_page_bid,keyword_high_top_of_page_bid,keyword_categories,keyword_monthly_searches,keyword_search_volume_trend,keyword_location_code,keyword_language_code,keyword_keyword_info_normalized_with_bing,keyword_keyword_info_normalized_with_clickstream,keyword_clickstream_keyword_info,keyword_keyword_properties,keyword_serp_info,keyword_avg_backlinks_info,keyword_search_intent_info,categories,keyword_difficulty,main_intent,foreign_intent,cluster_id,cluster_name,category_cluster,difficulty_tier,recommended_match_type
google,mortgage payments calculator canada,2124.0,en,"{'se_type': 'google', 'last_updated_time': '2025-07-13 20:00:51 +00:00', 'competition': 0.5, 'competition_level': 'MEDIUM', 'cpc': 0.58, 'search_volume': 49500, 'low_top_of_page_bid': 0.12, 'high_top_of_page_bid': 0.57, 'categories': [10012, 10097, 11841, 12960, 13289], 'monthly_searches': [{'year': 2025, 'month': 6, 'search_volume': 33100}, {'year': 2025, 'month': 5, 'search_volume': 40500}, {'year': 2025, 'month': 4, 'search_volume': 49500}, {'year': 2025, 'month': 3, 'search_volume': 60500}, {'year': 2025, 'month': 2, 'search_volume': 49500}, {'year': 2025, 'month': 1, 'search_volume': 60500}, {'year': 2024, 'month': 12, 'search_volume': 49500}, {'year': 2024, 'month': 11, 'search_volume': 49500}, {'year': 2024, 'month': 10, 'search_volume': 60500}, {'year': 2024, 'month': 9, 'search_volume': 74000}, {'year': 2024, 'month': 8, 'search_volume': 60500}, {'year': 2024, 'month': 7, 'search_volume': 60500}], 'search_volume_trend': {'monthly': -18, 'quarterly': -33, 'yearly': -45}}",,,,"{'se_type': 'google', 'core_keyword': 'mortgage payment calculator canada', 'synonym_clustering_algorithm': 'text_processing', 'keyword_difficulty': 58, 'detected_language': 'en', 'is_another_language': False}",,"{'se_type': 'google', 'backlinks': 126835.5, 'dofollow': 62284.7, 'referring_pages': 63107, 'referring_domains': 210.2, 'referring_main_domains': 204, 'rank': 330.3, 'main_domain_rank': 498.8, 'last_updated_time': '2024-12-14 14:22:31 +00:00'}","{'se_type': 'google', 'main_intent': 'navigational', 'foreign_intent': ['informational'], 'last_updated_time': '2023-05-15 15:35:19 +00:00'}",49500.0,0.58,0.5,MEDIUM,"[{'year': 2025, 'month': 6, 'search_volume': 33100}, {'year': 2025, 'month': 5, 'search_volume': 40500}, {'year': 2025, 'month': 4, 'search_volume': 49500}, {'year': 2025, 'month': 3, 'search_volume': 60500}, {'year': 2025, 'month': 2, 'search_volume': 49500}, {'year': 2025, 'month': 1, 'search_volume': 60500}, {'year': 2024, 'month': 12, 'search_volume': 49500}, {'year': 2024, 'month': 11, 'search_volume': 49500}, {'year': 2024, 'month': 10, 'search_volume': 60500}, {'year': 2024, 'month': 9, 'search_volume': 74000}, {'year': 2024, 'month': 8, 'search_volume': 60500}, {'year': 2024, 'month': 7, 'search_volume': 60500}]",suggestions_v2_mortgage canada,mortgage canada,,,,,,,,,,,,,,,,,,,,,,,"[10012, 10097, 11841, 12960, 13289]",58.0,navigational,['informational'],2,calculator + mortgage calculator + calculator canada,Uncategorized,Medium,Phrase
google,canada mortgage loan calculator,2124.0,en,"{'se_type': 'google', 'last_updated_time': '2025-07-17 14:44:00 +00:00', 'competition': 0.5, 'competition_level': 'MEDIUM', 'cpc': 0.58, 'search_volume': 49500, 'low_top_of_page_bid': 0.12, 'high_top_of_page_bid': 0.57, 'categories': [10003, 10012, 10097, 11841, 12960, 13289], 'monthly_searches': [{'year': 2025, 'month': 6, 'search_volume': 33100}, {'year': 2025, 'month': 5, 'search_volume': 40500}, {'year': 2025, 'month': 4, 'search_volume': 49500}, {'year': 2025, 'month': 3, 'search_volume': 60500}, {'year': 2025, 'month': 2, 'search_volume': 49500}, {'year': 2025, 'month': 1, 'search_volume': 60500}, {'year': 2024, 'month': 12, 'search_volume': 49500}, {'year': 2024, 'month': 11, 'search_volume': 49500}, {'year': 2024, 'month': 10, 'search_volume': 60500}, {'year': 2024, 'month': 9, 'search_volume': 74000}, {'year': 2024, 'month': 8, 'search_volume': 60500}, {'year': 2024, 'month': 7, 'search_volume': 60500}], 'search_volume_trend': {'monthly': -18, 'quarterly': -33, 'yearly': -45}}",,,,"{'se_type': 'google', 'core_keyword': 'mortgage loan calculator canada', 'synonym_clustering_algorithm': 'text_processing', 'keyword_difficulty': 54, 'detected_language': 'en', 'is_another_language': False}",,"{'se_type': 'google', 'backlinks': 30804.8, 'dofollow': 27679.9, 'referring_pages': 28755.3, 'referring_domains': 208, 'referring_main_domains': 202.2, 'rank': 301.1, 'main_domain_rank': 479.1, 'last_updated_time': '2024-10-06 01:56:07 +00:00'}","{'se_type': 'google', 'main_intent': 'navigational', 'foreign_intent': ['informational'], 'last_updated_time': '2023-03-03 18:12:44 +00:00'}",49500.0,0.58,0.5,MEDIUM,"[{'year': 2025, 'month': 6, 'search_volume': 33100}, {'year': 2025, 'month': 5, 'search_volume': 40500}, {'year': 2025, 'month': 4, 'search_volume': 49500}, {'year': 2025, 'month': 3, 'search_volume': 60500}, {'year': 2025, 'month': 2, 'search_volume': 49500}, {'year': 2025, 'month': 1, 'search_volume': 60500}, {'year': 2024, 'month': 12, 'search_volume': 49500}, {'year': 2024, 'month': 11, 'search_volume': 49500}, {'year': 2024, 'month': 10, 'search_volume': 60500}, {'year': 2024, 'month': 9, 'search_volume': 74000}, {'year': 2024, 'month': 8, 'search_volume': 60500}, {'year': 2024, 'month': 7, 'search_volume': 60500}]",suggestions_v2_mortgage canada,mortgage canada,,,,,,,,,,,,,,,,,,,,,,,"[10003, 10012, 10097, 11841, 12960, 13289]",54.0,navigational,['informational'],8,loan + mortgage loan + loan insurance,Uncategorized,Medium,Phrase
google,mortgage calculator canada bc,2124.0,en,"{'se_type': 'google', 'last_updated_time': '2025-07-09 21:06:24 +00:00', 'competition': 0.65, 'competition_level': 'MEDIUM', 'cpc': 0.53, 'search_volume': 27100, 'low_top_of_page_bid': 0.18, 'high_top_of_page_bid': 0.49, 'categories': [10012, 10097, 11841, 12960, 13289], 'monthly_searches': [{'year': 2025, 'month': 6, 'search_volume': 22200}, {'year': 2025, 'month': 5, 'search_volume': 22200}, {'year': 2025, 'month': 4, 'search_volume': 22200}, {'year': 2025, 'month': 3, 'search_volume': 27100}, {'year': 2025, 'month': 2, 'search_volume': 22200}, {'year': 2025, 'month': 1, 'search_volume': 27100}, {'year': 2024, 'month': 12, 'search_volume': 22200}, {'year': 2024, 'month': 11, 'search_volume': 22200}, {'year': 2024, 'month': 10, 'search_volume': 33100}, {'year': 2024, 'month': 9, 'search_volume': 33100}, {'year': 2024, 'month': 8, 'search_volume': 33100}, {'year': 2024, 'month': 7, 'search_volume': 33100}], 'search_volume_trend': {'monthly': 0, 'quarterly': 0, 'yearly': -33}}",,,,"{'se_type': 'google', 'core_keyword': None, 'synonym_clustering_algorithm': 'text_processing', 'keyword_difficulty': 51, 'detected_language': 'en', 'is_another_language': False}",,"{'se_type': 'google', 'backlinks': 32475.6, 'dofollow': 31873.4, 'referring_pages': 32016, 'referring_domains': 40.7, 'referring_main_domains': 38.5, 'rank': 268.6, 'main_domain_rank': 471.6, 'last_updated_time': '2025-06-30 05:54:55 +00:00'}","{'se_type': 'google', 'main_intent': 'navigational', 'foreign_intent': ['informational'], 'last_updated_time': '2023-03-07 02:07:17 +00:00'}",27100.0,0.53,0.65,MEDIUM,"[{'year': 2025, 'month': 6, 'search_volume': 22200}, {'year': 2025, 'month': 5, 'search_volume': 22200}, {'year': 2025, 'month': 4, 'search_volume': 22200}, {'year': 2025, 'month': 3, 'search_volume': 27100}, {'year': 2025, 'month': 2, 'search_volume': 22200}, {'year': 2025, 'month': 1, 'search_volume': 27100}, {'year': 2024, 'month': 12, 'search_volume': 22200}, {'year': 2024, 'month': 11, 'search_volume': 22200}, {'year': 2024, 'month': 10, 'search_volume': 33100}, {'year': 2024, 'month': 9, 'search_volume': 33100}, {'year': 2024, 'month': 8, 'search_volume': 33100}, {'year': 2024, 'month': 7, 'search_volume': 33100}]",suggestions_v2_mortgage canada,mortgage canada,,,,,,,,,,,,,,,,,,,,,,,"[10012, 10097, 11841, 12960, 13289]",51.0,navigational,['informational'],2,calculator + mortgage calculator + calculator canada,Uncategorized,Medium,Phrase
google,mortgage calculator bc canada,2124.0,en,"{'se_type': 'google', 'last_updated_time': '2025-07-22 08:04:34 +00:00', 'competition': 0.65, 'competition_level': 'MEDIUM', 'cpc': 0.53, 'search_volume': 27100, 'low_top_of_page_bid': 0.18, 'high_top_of_page_bid': 0.49, 'categories': [10012, 10097, 11841, 12960, 13289, 13294], 'monthly_searches': [{'year': 2025, 'month': 6, 'search_volume': 22200}, {'year': 2025, 'month': 5, 'search_volume': 22200}, {'year': 2025, 'month': 4, 'search_volume': 22200}, {'year': 2025, 'month': 3, 'search_volume': 27100}, {'year': 2025, 'month': 2, 'search_volume': 22200}, {'year': 2025, 'month': 1, 'search_volume': 27100}, {'year': 2024, 'month': 12, 'search_volume': 22200}, {'year': 2024, 'month': 11, 'search_volume': 22200}, {'year': 2024, 'month': 10, 'search_volume': 33100}, {'year': 2024, 'month': 9, 'search_volume': 33100}, {'year': 2024, 'month': 8, 'search_volume': 33100}, {'year': 2024, 'month': 7, 'search_volume': 33100}], 'search_volume_trend': {'monthly': 0, 'quarterly': 0, 'yearly': -33}}",,,,"{'se_type': 'google', 'core_keyword': 'mortgage calculator canada bc', 'synonym_clustering_algorithm': 'text_processing', 'keyword_difficulty': 54, 'detected_language': 'en', 'is_another_language': False}",,"{'se_type': 'google', 'backlinks': 31318.5, 'dofollow': 31122.1, 'referring_pages': 31273.7, 'referring_domains': 45.3, 'referring_main_domains': 43.2, 'rank': 270.6, 'main_domain_rank': 483, 'last_updated_time': '2025-03-09 17:09:02 +00:00'}","{'se_type': 'google', 'main_intent': 'navigational', 'foreign_intent': ['informational'], 'last_updated_time': '2023-03-07 02:07:17 +00:00'}",27100.0,0.53,0.65,MEDIUM,"[{'year': 2025, 'month': 6, 'search_volume': 22200}, {'year': 2025, 'month': 5, 'search_volume': 22200}, {'year': 2025, 'month': 4, 'search_volume': 22200}, {'year': 2025, 'month': 3, 'search_volume': 27100}, {'year': 2025, 'month': 2, 'search_volume': 22200}, {'year': 2025, 'month': 1, 'search_volume': 27100}, {'year': 2024, 'month': 12, 'search_volume': 22200}, {'year': 2024, 'month': 11, 'search_volume': 22200}, {'year': 2024, 'month': 10, 'search_volume': 33100}, {'year': 2024, 'month': 9, 'search_volume': 33100}, {'year': 2024, 'month': 8, 'search_volume': 33100}, {'year': 2024, 'month': 7, 'search_volume': 33100}]",suggestions_v2_mortgage canada,mortgage canada,,,,,,,,,,,,,,,,,,,,,,,"[10012, 10097, 11841, 12960, 13289, 13294]",54.0,navigational,['informational'],2,calculator + mortgage calculator + calculator canada,Uncategorized,Medium,Phrase
google,mortgage calculator canada ratehub,2124.0,en,"{'se_type': 'google', 'last_updated_time': '2025-07-22 14:53:00 +00:00', 'competition': 0.02, 'competition_level': 'LOW', 'cpc': 1.73, 'search_volume': 14800, 'low_top_of_page_bid': 0.39, 'high_top_of_page_bid': 2.52, 'categories': [10012, 10097, 11841, 12960, 13289, 13294], 'monthly_searches': [{'year': 2025, 'month': 6, 'search_volume': 12100}, {'year': 2025, 'month': 5, 'search_volume': 14800}, {'year': 2025, 'month': 4, 'search_volume': 14800}, {'year': 2025, 'month': 3, 'search_volume': 18100}, {'year': 2025, 'month': 2, 'search_volume': 14800}, {'year': 2025, 'month': 1, 'search_volume': 14800}, {'year': 2024, 'month': 12, 'search_volume': 12100}, {'year': 2024, 'month': 11, 'search_volume': 14800}, {'year': 2024, 'month': 10, 'search_volume': 18100}, {'year': 2024, 'month': 9, 'search_volume': 18100}, {'year': 2024, 'month': 8, 'search_volume': 14800}, {'year': 2024, 'month': 7, 'search_volume': 14800}], 'search_volume_trend': {'monthly': -18, 'quarterly': -18, 'yearly': -33}}",,,,"{'se_type': 'google', 'core_keyword': None, 'synonym_clustering_algorithm': 'text_processing', 'keyword_difficulty': 43, 'detected_language': 'en', 'is_another_language': False}",,"{'se_type': 'google', 'backlinks': 5024.8, 'dofollow': 3891.7, 'referring_pages': 4572.3, 'referring_domains': 190.2, 'referring_main_domains': 186.9, 'rank': 234.3, 'main_domain_rank': 554.2, 'last_updated_time': '2024-09-13 01:51:37 +00:00'}","{'se_type': 'google', 'main_intent': 'navigational', 'foreign_intent': ['informational'], 'last_updated_time': '2023-03-07 02:07:17 +00:00'}",14800.0,1.73,0.02,LOW,"[{'year': 2025, 'month': 6, 'search_volume': 12100}, {'year': 2025, 'month': 5, 'search_volume': 14800}, {'year': 2025, 'month': 4, 'search_volume': 14800}, {'year': 2025, 'month': 3, 'search_volume': 18100}, {'year': 2025, 'month': 2, 'search_volume': 14800}, {'year': 2025, 'month': 1, 'search_volume': 14800}, {'year': 2024, 'month': 12, 'search_volume': 12100}, {'year': 2024, 'month': 11, 'search_volume': 14800}, {'year': 2024, 'month': 10, 'search_volume': 18100}, {'year': 2024, 'month': 9, 'search_volume': 18100}, {'year': 2024, 'month': 8, 'search_volume': 14800}, {'year': 2024, 'month': 7, 'search_volume': 14800}]",suggestions_v2_mortgage canada,mortgage canada,,,,,,,,,,,,,,,,,,,,,,,"[10012, 10097, 11841, 12960, 13289, 13294]",43.0,navigational,['informational'],2,calculator + mortgage calculator + calculator canada,Uncategorized,Medium,Phrase
google,best mortgage deals in canada,2124.0,en,"{'se_type': 'google', 'last_updated_time': '2025-07-09 23:09:43 +00:00', 'competition': 0.69, 'competition_level': 'HIGH', 'cpc': 2.52, 'search_volume': 12100, 'low_top_of_page_bid': 0.83, 'high_top_of_page_bid': 3.04, 'categories': [10012, 10097, 11841, 12960, 13299], 'monthly_searches': [{'year': 2025, 'month': 6, 'search_volume': 9900}, {'year': 2025, 'month': 5, 'search_volume': 12100}, {'year': 2025, 'month': 4, 'search_volume': 12100}, {'year': 2025, 'month': 3, 'search_volume': 18100}, {'year': 2025, 'month': 2, 'search_volume': 12100}, {'year': 2025, 'month': 1, 'search_volume': 14800}, {'year': 2024, 'month': 12, 'search_volume': 12100}, {'year': 2024, 'month': 11, 'search_volume': 9900}, {'year': 2024, 'month': 10, 'search_volume': 12100}, {'year': 2024, 'month': 9, 'search_volume': 12100}, {'year': 2024, 'month': 8, 'search_volume': 9900}, {'year': 2024, 'month': 7, 'search_volume': 9900}], 'search_volume_trend': {'monthly': -18, 'quarterly': -18, 'yearly': -18}}",,,,"{'se_type': 'google', 'core_keyword': None, 'synonym_clustering_algorithm': 'text_processing', 'keyword_difficulty': 60, 'detected_language': 'en', 'is_another_language': False}",,"{'se_type': 'google', 'backlinks': 16737.7, 'dofollow': 14079.3, 'referring_pages': 14202.9, 'referring_domains': 546.2, 'referring_main_domains': 497.5, 'rank': 344.9, 'main_domain_rank': 452.7, 'last_updated_time': '2025-07-10 11:47:11 +00:00'}","{'se_type': 'google', 'main_intent': 'commercial', 'foreign_intent': None, 'last_updated_time': '2024-06-21 06:08:24 +00:00'}",12100.0,2.52,0.69,HIGH,"[{'year': 2025, 'month': 6, 'search_volume': 9900}, {'year': 2025, 'month': 5, 'search_volume': 12100}, {'year': 2025, 'month': 4, 'search_volume': 12100}, {'year': 2025, 'month': 3, 'search_volume': 18100}, {'year': 2025, 'month': 2, 'search_volume': 12100}, {'year': 2025, 'month': 1, 'search_volume': 14800}, {'year': 2024, 'month': 12, 'search_volume': 12100}, {'year': 2024, 'month': 11, 'search_volume': 9900}, {'year': 2024, 'month': 10, 'search_volume': 12100}, {'year': 2024, 'month': 9, 'search_volume': 12100}, {'year': 2024, 'month': 8, 'search_volume': 9900}, {'year': 2024, 'month': 7, 'search_volume': 9900}]",suggestions_v2_mortgage canada,mortgage canada,,,,,,,,,,,,,,,,,,,,,,,"[10012, 10097, 11841, 12960, 13299]",60.0,commercial,,12,deals + mortgage deals + deals canada,Uncategorized,Medium,Phrase
google,best mortgage deals canada,2124.0,en,"{'se_type': 'google', 'last_updated_time': '2025-07-17 09:02:35 +00:00', 'competition': 0.69, 'competition_level': 'HIGH', 'cpc': 2.52, 'search_volume': 12100, 'low_top_of_page_bid': 0.83, 'high_top_of_page_bid': 3.04, 'categories': [10003, 10012, 10097, 11841, 12960, 13290, 13299], 'monthly_searches': [{'year': 2025, 'month': 6, 'search_volume': 9900}, {'year': 2025, 'month': 5, 'search_volume': 12100}, {'year': 2025, 'month': 4, 'search_volume': 12100}, {'year': 2025, 'month': 3, 'search_volume': 18100}, {'year': 2025, 'month': 2, 'search_volume': 12100}, {'year': 2025, 'month': 1, 'search_volume': 14800}, {'year': 2024, 'month': 12, 'search_volume': 12100}, {'year': 2024, 'month': 11, 'search_volume': 9900}, {'year': 2024, 'month': 10, 'search_volume': 12100}, {'year': 2024, 'month': 9, 'search_volume': 12100}, {'year': 2024, 'month': 8, 'search_volume': 9900}, {'year': 2024, 'month': 7, 'search_volume': 9900}], 'search_volume_trend': {'monthly': -18, 'quarterly': -18, 'yearly': -18}}",,,,"{'se_type': 'google', 'core_keyword': 'best mortgage deals in canada', 'synonym_clustering_algorithm': 'text_processing', 'keyword_difficulty': 44, 'detected_language': 'en', 'is_another_language': False}",,"{'se_type': 'google', 'backlinks': 3743.7, 'dofollow': 1949.3, 'referring_pages': 2049.5, 'referring_domains': 191, 'referring_main_domains': 186, 'rank': 268.1, 'main_domain_rank': 459.7, 'last_updated_time': '2024-09-14 01:16:33 +00:00'}","{'se_type': 'google', 'main_intent': 'commercial', 'foreign_intent': ['informational'], 'last_updated_time': '2023-03-05 14:13:26 +00:00'}",12100.0,2.52,0.69,HIGH,"[{'year': 2025, 'month': 6, 'search_volume': 9900}, {'year': 2025, 'month': 5, 'search_volume': 12100}, {'year': 2025, 'month': 4, 'search_volume': 12100}, {'year': 2025, 'month': 3, 'search_volume': 18100}, {'year': 2025, 'month': 2, 'search_volume': 12100}, {'year': 2025, 'month': 1, 'search_volume': 14800}, {'year': 2024, 'month': 12, 'search_volume': 12100}, {'year': 2024, 'month': 11, 'search_volume': 9900}, {'year': 2024, 'month': 10, 'search_volume': 12100}, {'year': 2024, 'month': 9, 'search_volume': 12100}, {'year': 2024, 'month': 8, 'search_volume': 9900}, {'year': 2024, 'month': 7, 'search_volume': 9900}]",suggestions_v2_mortgage canada,mortgage canada,,,,,,,,,,,,,,,,,,,,,,,"[10003, 10012, 10097, 11841, 12960, 13290, 13299]",44.0,commercial,['informational'],12,deals + mortgage deals + deals canada,Uncategorized,Medium,Phrase
google,royal bank of canada mortgage,2124.0,en,"{'se_type': 'google', 'last_updated_time': '2025-07-18 05:35:33 +00:00', 'competition': 0.59, 'competition_level': 'MEDIUM', 'cpc': 5.92, 'search_volume': 9900, 'low_top_of_page_bid': 2.25, 'high_top_of_page_bid': 8.5, 'categories': [10012, 10097, 11841, 12960], 'monthly_searches': [{'year': 2025, 'month': 6, 'search_volume': 9900}, {'year': 2025, 'month': 5, 'search_volume': 9900}, {'year': 2025, 'month': 4, 'search_volume': 9900}, {'year': 2025, 'month': 3, 'search_volume': 12100}, {'year': 2025, 'month': 2, 'search_volume': 8100}, {'year': 2025, 'month': 1, 'search_volume': 9900}, {'year': 2024, 'month': 12, 'search_volume': 8100}, {'year': 2024, 'month': 11, 'search_volume': 8100}, {'year': 2024, 'month': 10, 'search_volume': 9900}, {'year': 2024, 'month': 9, 'search_volume': 9900}, {'year': 2024, 'month': 8, 'search_volume': 9900}, {'year': 2024, 'month': 7, 'search_volume': 9900}], 'search_volume_trend': {'monthly': 0, 'quarterly': 0, 'yearly': 0}}",,,,"{'se_type': 'google', 'core_keyword': 'royal bank canada mortgage', 'synonym_clustering_algorithm': 'text_processing', 'keyword_difficulty': 37, 'detected_language': 'en', 'is_another_language': False}",,"{'se_type': 'google', 'backlinks': 3618.6, 'dofollow': 2767.3, 'referring_pages': 3430.9, 'referring_domains': 203.2, 'referring_main_domains': 185.4, 'rank': 227.3, 'main_domain_rank': 473.3, 'last_updated_time': '2024-09-30 15:53:49 +00:00'}","{'se_type': 'google', 'main_intent': 'navigational', 'foreign_intent': None, 'last_updated_time': '2023-03-03 18:01:25 +00:00'}",9900.0,5.92,0.59,MEDIUM,"[{'year': 2025, 'month': 6, 'search_volume': 9900}, {'year': 2025, 'month': 5, 'search_volume': 9900}, {'year': 2025, 'month': 4, 'search_volume': 9900}, {'year': 2025, 'month': 3, 'search_volume': 12100}, {'year': 2025, 'month': 2, 'search_volume': 8100}, {'year': 2025, 'month': 1, 'search_volume': 9900}, {'year': 2024, 'month': 12, 'search_volume': 8100}, {'year': 2024, 'month': 11, 'search_volume': 8100}, {'year': 2024, 'month': 10, 'search_volume': 9900}, {'year': 2024, 'month': 9, 'search_volume': 9900}, {'year': 2024, 'month': 8, 'search_volume': 9900}, {'year': 2024, 'month': 7, 'search_volume': 9900}]",suggestions_v2_mortgage canada,mortgage canada,,,,,,,,,,,,,,,,,,,,,,,"[10012, 10097, 11841, 12960]",37.0,navigational,,1,bank + companies + mortgage companies,Uncategorized,Medium,Phrase
google,mortgage calculator alberta canada,2124.0,en,"{'se_type': 'google', 'last_updated_time': '2025-07-22 08:13:46 +00:00', 'competition': 0.74, 'competition_level': 'HIGH', 'cpc': 0.76, 'search_volume': 6600, 'low_top_of_page_bid': 0.2, 'high_top_of_page_bid': 0.89, 'categories': [10003, 10016, 10139, 10746], 'monthly_searches': [{'year': 2025, 'month': 6, 'search_volume': 6600}, {'year': 2025, 'month': 5, 'search_volume': 6600}, {'year': 2025, 'month': 4, 'search_volume': 6600}, {'year': 2025, 'month': 3, 'search_volume': 6600}, {'year': 2025, 'month': 2, 'search_volume': 6600}, {'year': 2025, 'month': 1, 'search_volume': 8100}, {'year': 2024, 'month': 12, 'search_volume': 5400}, {'year': 2024, 'month': 11, 'search_volume': 5400}, {'year': 2024, 'month': 10, 'search_volume': 6600}, {'year': 2024, 'month': 9, 'search_volume': 6600}, {'year': 2024, 'month': 8, 'search_volume': 6600}, {'year': 2024, 'month': 7, 'search_volume': 6600}], 'search_volume_trend': {'monthly': 0, 'quarterly': 0, 'yearly': 0}}",,,,"{'se_type': 'google', 'core_keyword': 'mortgage calculator canada alberta', 'synonym_clustering_algorithm': 'text_processing', 'keyword_difficulty': 45, 'detected_language': 'en', 'is_another_language': False}",,"{'se_type': 'google', 'backlinks': 90846, 'dofollow': 48675.1, 'referring_pages': 48810.8, 'referring_domains': 45, 'referring_main_domains': 41.9, 'rank': 271.2, 'main_domain_rank': 492.1, 'last_updated_time': '2025-07-28 06:03:28 +00:00'}","{'se_type': 'google', 'main_intent': 'navigational', 'foreign_intent': ['informational'], 'last_updated_time': '2023-03-07 02:07:17 +00:00'}",6600.0,0.76,0.74,HIGH,"[{'year': 2025, 'month': 6, 'search_volume': 6600}, {'year': 2025, 'month': 5, 'search_volume': 6600}, {'year': 2025, 'month': 4, 'search_volume': 6600}, {'year': 2025, 'month': 3, 'search_volume': 6600}, {'year': 2025, 'month': 2, 'search_volume': 6600}, {'year': 2025, 'month': 1, 'search_volume': 8100}, {'year': 2024, 'month': 12, 'search_volume': 5400}, {'year': 2024, 'month': 11, 'search_volume': 5400}, {'year': 2024, 'month': 10, 'search_volume': 6600}, {'year': 2024, 'month': 9, 'search_volume': 6600}, {'year': 2024, 'month': 8, 'search_volume': 6600}, {'year': 2024, 'month': 7, 'search_volume': 6600}]",suggestions_v2_mortgage canada,mortgage canada,,,,,,,,,,,,,,,,,,,,,,,"[10003, 10016, 10139, 10746]",45.0,navigational,['informational'],2,calculator + mortgage calculator + calculator canada,Uncategorized,Medium,Phrase
google,mortgage calculator canada alberta,2124.0,en,"{'se_type': 'google', 'last_updated_time': '2025-07-22 09:26:02 +00:00', 'competition': 0.74, 'competition_level': 'HIGH', 'cpc': 0.76, 'search_volume': 6600, 'low_top_of_page_bid': 0.2, 'high_top_of_page_bid': 0.89, 'categories': [10012, 10097, 11841, 12960, 13289], 'monthly_searches': [{'year': 2025, 'month': 6, 'search_volume': 6600}, {'year': 2025, 'month': 5, 'search_volume': 6600}, {'year': 2025, 'month': 4, 'search_volume': 6600}, {'year': 2025, 'month': 3, 'search_volume': 6600}, {'year': 2025, 'month': 2, 'search_volume': 6600}, {'year': 2025, 'month': 1, 'search_volume': 8100}, {'year': 2024, 'month': 12, 'search_volume': 5400}, {'year': 2024, 'month': 11, 'search_volume': 5400}, {'year': 2024, 'month': 10, 'search_volume': 6600}, {'year': 2024, 'month': 9, 'search_volume': 6600}, {'year': 2024, 'month': 8, 'search_volume': 6600}, {'year': 2024, 'month': 7, 'search_volume': 6600}], 'search_volume_trend': {'monthly': 0, 'quarterly': 0, 'yearly': 0}}",,,,"{'se_type': 'google', 'core_keyword': None, 'synonym_clustering_algorithm': 'text_processing', 'keyword_difficulty': 39, 'detected_language': 'en', 'is_another_language': False}",,"{'se_type': 'google', 'backlinks': 32853.2, 'dofollow': 32498.9, 'referring_pages': 32637.6, 'referring_domains': 32.2, 'referring_main_domains': 30.4, 'rank': 241.3, 'main_domain_rank': 472.9, 'last_updated_time': '2025-03-26 18:27:21 +00:00'}","{'se_type': 'google', 'main_intent': 'navigational', 'foreign_intent': ['informational'], 'last_updated_time': '2023-03-07 02:07:17 +00:00'}",6600.0,0.76,0.74,HIGH,"[{'year': 2025, 'month': 6, 'search_volume': 6600}, {'year': 2025, 'month': 5, 'search_volume': 6600}, {'year': 2025, 'month': 4, 'search_volume': 6600}, {'year': 2025, 'month': 3, 'search_volume': 6600}, {'year': 2025, 'month': 2, 'search_volume': 6600}, {'year': 2025, 'month': 1, 'search_volume': 8100}, {'year': 2024, 'month': 12, 'search_volume': 5400}, {'year': 2024, 'month': 11, 'search_volume': 5400}, {'year': 2024, 'month': 10, 'search_volume': 6600}, {'year': 2024, 'month': 9, 'search_volume': 6600}, {'year': 2024, 'month': 8, 'search_volume': 6600}, {'year': 2024, 'month': 7, 'search_volume': 6600}]",suggestions_v2_mortgage canada,mortgage canada,,,,,,,,,,,,,,,,,,,,,,,"[10012, 10097, 11841, 12960, 13289]",39.0,navigational,['informational'],2,calculator + mortgage calculator + calculator canada,Uncategorized,Medium,Phrase
google,mortgage rate bank of canada,2124.0,en,"{'se_type': 'google', 'last_updated_time': '2025-07-13 13:05:56 +00:00', 'competition': 0.19, 'competition_level': 'LOW', 'cpc': 2.58, 'search_volume': 5400, 'low_top_of_page_bid': 0.7, 'high_top_of_page_bid': 2.33, 'categories': [10012, 10097, 11841, 12960], 'monthly_searches': [{'year': 2025, 'month': 6, 'search_volume': 2400}, {'year': 2025, 'month': 5, 'search_volume': 2400}, {'year': 2025, 'month': 4, 'search_volume': 3600}, {'year': 2025, 'month': 3, 'search_volume': 5400}, {'year': 2025, 'month': 2, 'search_volume': 6600}, {'year': 2025, 'month': 1, 'search_volume': 8100}, {'year': 2024, 'month': 12, 'search_volume': 5400}, {'year': 2024, 'month': 11, 'search_volume': 2900}, {'year': 2024, 'month': 10, 'search_volume': 5400}, {'year': 2024, 'month': 9, 'search_volume': 12100}, {'year': 2024, 'month': 8, 'search_volume': 2900}, {'year': 2024, 'month': 7, 'search_volume': 4400}], 'search_volume_trend': {'monthly': 0, 'quarterly': -33, 'yearly': -84}}",,,,"{'se_type': 'google', 'core_keyword': 'bank of canada mortgage rates', 'synonym_clustering_algorithm': 'text_processing', 'keyword_difficulty': 57, 'detected_language': 'en', 'is_another_language': False}",,"{'se_type': 'google', 'backlinks': 2334.2, 'dofollow': 1385.7, 'referring_pages': 1506.1, 'referring_domains': 354.8, 'referring_main_domains': 330.5, 'rank': 304.1, 'main_domain_rank': 515, 'last_updated_time': '2024-09-30 19:56:27 +00:00'}","{'se_type': 'google', 'main_intent': 'navigational', 'foreign_intent': ['informational'], 'last_updated_time': '2023-03-07 02:07:28 +00:00'}",5400.0,2.58,0.19,LOW,"[{'year': 2025, 'month': 6, 'search_volume': 2400}, {'year': 2025, 'month': 5, 'search_volume': 2400}, {'year': 2025, 'month': 4, 'search_volume': 3600}, {'year': 2025, 'month': 3, 'search_volume': 5400}, {'year': 2025, 'month': 2, 'search_volume': 6600}, {'year': 2025, 'month': 1, 'search_volume': 8100}, {'year': 2024, 'month': 12, 'search_volume': 5400}, {'year': 2024, 'month': 11, 'search_volume': 2900}, {'year': 2024, 'month': 10, 'search_volume': 5400}, {'year': 2024, 'month': 9, 'search_volume': 12100}, {'year': 2024, 'month': 8, 'search_volume': 2900}, {'year': 2024, 'month': 7, 'search_volume': 4400}]",suggestions_v2_mortgage canada,mortgage canada,,,,,,,,,,,,,,,,,,,,,,,"[10012, 10097, 11841, 12960]",57.0,navigational,['informational'],6,rate + mortgage rate + prime,Uncategorized,Medium,Phrase
google,mortgage calculator quebec canada,2124.0,en,"{'se_type': 'google', 'last_updated_time': '2025-07-17 18:28:12 +00:00', 'competition': 0.63, 'competition_level': 'MEDIUM', 'cpc': 0.48, 'search_volume': 2400, 'low_top_of_page_bid': 0.09, 'high_top_of_page_bid': 0.77, 'categories': [10004, 10276, 11088, 13412], 'monthly_searches': [{'year': 2025, 'month': 6, 'search_volume': 2900}, {'year': 2025, 'month': 5, 'search_volume': 3600}, {'year': 2025, 'month': 4, 'search_volume': 2900}, {'year': 2025, 'month': 3, 'search_volume': 2900}, {'year': 2025, 'month': 2, 'search_volume': 1900}, {'year': 2025, 'month': 1, 'search_volume': 2400}, {'year': 2024, 'month': 12, 'search_volume': 1600}, {'year': 2024, 'month': 11, 'search_volume': 1600}, {'year': 2024, 'month': 10, 'search_volume': 1900}, {'year': 2024, 'month': 9, 'search_volume': 1900}, {'year': 2024, 'month': 8, 'search_volume': 1600}, {'year': 2024, 'month': 7, 'search_volume': 1900}], 'search_volume_trend': {'monthly': -19, 'quarterly': 0, 'yearly': 53}}",,,,"{'se_type': 'google', 'core_keyword': None, 'synonym_clustering_algorithm': 'text_processing', 'keyword_difficulty': 46, 'detected_language': 'en', 'is_another_language': False}",,"{'se_type': 'google', 'backlinks': 27012.1, 'dofollow': 26760.1, 'referring_pages': 26904.1, 'referring_domains': 21.5, 'referring_main_domains': 20.6, 'rank': 233.3, 'main_domain_rank': 456, 'last_updated_time': '2024-12-03 02:52:35 +00:00'}","{'se_type': 'google', 'main_intent': 'navigational', 'foreign_intent': ['informational'], 'last_updated_time': '2023-03-07 02:07:17 +00:00'}",2400.0,0.48,0.63,MEDIUM,"[{'year': 2025, 'month': 6, 'search_volume': 2900}, {'year': 2025, 'month': 5, 'search_volume': 3600}, {'year': 2025, 'month': 4, 'search_volume': 2900}, {'year': 2025, 'month': 3, 'search_volume': 2900}, {'year': 2025, 'month': 2, 'search_volume': 1900}, {'year': 2025, 'month': 1, 'search_volume': 2400}, {'year': 2024, 'month': 12, 'search_volume': 1600}, {'year': 2024, 'month': 11, 'search_volume': 1600}, {'year': 2024, 'month': 10, 'search_volume': 1900}, {'year': 2024, 'month': 9, 'search_volume': 1900}, {'year': 2024, 'month': 8, 'search_volume': 1600}, {'year': 2024, 'month': 7, 'search_volume': 1900}]",suggestions_v2_mortgage canada,mortgage canada,,,,,,,,,,,,,,,,,,,,,,,"[10004, 10276, 11088, 13412]",46.0,navigational,['informational'],2,calculator + mortgage calculator + calculator canada,Uncategorized,Medium,Phrase
google,mortgage rate prime canada,2124.0,en,"{'se_type': 'google', 'last_updated_time': '2025-07-22 12:03:06 +00:00', 'competition': 0.22, 'competition_level': 'LOW', 'cpc': 1.74, 'search_volume': 2400, 'low_top_of_page_bid': 0.47, 'high_top_of_page_bid': 1.79, 'categories': [10003, 10012, 10097, 11841, 12960, 13299], 'monthly_searches': [{'year': 2025, 'month': 6, 'search_volume': 1600}, {'year': 2025, 'month': 5, 'search_volume': 1600}, {'year': 2025, 'month': 4, 'search_volume': 1900}, {'year': 2025, 'month': 3, 'search_volume': 3600}, {'year': 2025, 'month': 2, 'search_volume': 2400}, {'year': 2025, 'month': 1, 'search_volume': 2900}, {'year': 2024, 'month': 12, 'search_volume': 3600}, {'year': 2024, 'month': 11, 'search_volume': 1900}, {'year': 2024, 'month': 10, 'search_volume': 3600}, {'year': 2024, 'month': 9, 'search_volume': 2900}, {'year': 2024, 'month': 8, 'search_volume': 1900}, {'year': 2024, 'month': 7, 'search_volume': 2400}], 'search_volume_trend': {'monthly': 0, 'quarterly': -16, 'yearly': -33}}",,,,"{'se_type': 'google', 'core_keyword': 'mortgage prime rate canada', 'synonym_clustering_algorithm': 'text_processing', 'keyword_difficulty': 38, 'detected_language': 'en', 'is_another_language': False}",,"{'se_type': 'google', 'backlinks': 248.2, 'dofollow': 175.5, 'referring_pages': 235.5, 'referring_domains': 101.8, 'referring_main_domains': 84.3, 'rank': 190.9, 'main_domain_rank': 453.1, 'last_updated_time': '2024-10-06 06:26:36 +00:00'}","{'se_type': 'google', 'main_intent': 'navigational', 'foreign_intent': ['informational'], 'last_updated_time': '2023-03-07 02:07:29 +00:00'}",2400.0,1.74,0.22,LOW,"[{'year': 2025, 'month': 6, 'search_volume': 1600}, {'year': 2025, 'month': 5, 'search_volume': 1600}, {'year': 2025, 'month': 4, 'search_volume': 1900}, {'year': 2025, 'month': 3, 'search_volume': 3600}, {'year': 2025, 'month': 2, 'search_volume': 2400}, {'year': 2025, 'month': 1, 'search_volume': 2900}, {'year': 2024, 'month': 12, 'search_volume': 3600}, {'year': 2024, 'month': 11, 'search_volume': 1900}, {'year': 2024, 'month': 10, 'search_volume': 3600}, {'year': 2024, 'month': 9, 'search_volume': 2900}, {'year': 2024, 'month': 8, 'search_volume': 1900}, {'year': 2024, 'month': 7, 'search_volume': 2400}]",suggestions_v2_mortgage canada,mortgage canada,,,,,,,,,,,,,,,,,,,,,,,"[10003, 10012, 10097, 11841, 12960, 13299]",38.0,navigational,['informational'],6,rate + mortgage rate + prime,Uncategorized,Medium,Phrase
google,canada prime rate mortgage,2124.0,en,"{'se_type': 'google', 'last_updated_time': '2025-07-11 08:14:12 +00:00', 'competition': 0.22, 'competition_level': 'LOW', 'cpc': 1.74, 'search_volume': 2400, 'low_top_of_page_bid': 0.47, 'high_top_of_page_bid': 1.79, 'categories': [10012, 10097, 11841, 12960, 13293], 'monthly_searches': [{'year': 2025, 'month': 6, 'search_volume': 1600}, {'year': 2025, 'month': 5, 'search_volume': 1600}, {'year': 2025, 'month': 4, 'search_volume': 1900}, {'year': 2025, 'month': 3, 'search_volume': 3600}, {'year': 2025, 'month': 2, 'search_volume': 2400}, {'year': 2025, 'month': 1, 'search_volume': 2900}, {'year': 2024, 'month': 12, 'search_volume': 3600}, {'year': 2024, 'month': 11, 'search_volume': 1900}, {'year': 2024, 'month': 10, 'search_volume': 3600}, {'year': 2024, 'month': 9, 'search_volume': 2900}, {'year': 2024, 'month': 8, 'search_volume': 1900}, {'year': 2024, 'month': 7, 'search_volume': 2400}], 'search_volume_trend': {'monthly': 0, 'quarterly': -16, 'yearly': -33}}",,,,"{'se_type': 'google', 'core_keyword': 'mortgage prime rate canada', 'synonym_clustering_algorithm': 'text_processing', 'keyword_difficulty': 41, 'detected_language': 'en', 'is_another_language': False}",,"{'se_type': 'google', 'backlinks': 208.7, 'dofollow': 158.6, 'referring_pages': 197.4, 'referring_domains': 99.9, 'referring_main_domains': 83.2, 'rank': 173.1, 'main_domain_rank': 458.4, 'last_updated_time': '2025-01-14 16:25:03 +00:00'}","{'se_type': 'google', 'main_intent': 'navigational', 'foreign_intent': ['informational'], 'last_updated_time': '2023-03-03 18:13:05 +00:00'}",2400.0,1.74,0.22,LOW,"[{'year': 2025, 'month': 6, 'search_volume': 1600}, {'year': 2025, 'month': 5, 'search_volume': 1600}, {'year': 2025, 'month': 4, 'search_volume': 1900}, {'year': 2025, 'month': 3, 'search_volume': 3600}, {'year': 2025, 'month': 2, 'search_volume': 2400}, {'year': 2025, 'month': 1, 'search_volume': 2900}, {'year': 2024, 'month': 12, 'search_volume': 3600}, {'year': 2024, 'month': 11, 'search_volume': 1900}, {'year': 2024, 'month': 10, 'search_volume': 3600}, {'year': 2024, 'month': 9, 'search_volume': 2900}, {'year': 2024, 'month': 8, 'search_volume': 1900}, {'year': 2024, 'month': 7, 'search_volume': 2400}]",suggestions_v2_mortgage canada,mortgage canada,,,,,,,,,,,,,,,,,,,,,,,"[10012, 10097, 11841, 12960, 13293]",41.0,navigational,['informational'],6,rate + mortgage rate + prime,Uncategorized,Medium,Phrase
google,mortgage trends canada,2124.0,en,"{'se_type': 'google', 'last_updated_time': '2025-07-13 19:46:15 +00:00', 'competition': 0.02, 'competition_level': 'LOW', 'cpc': 0.93, 'search_volume': 2400, 'low_top_of_page_bid': 0.13, 'high_top_of_page_bid': 2.07, 'categories': [10003], 'monthly_searches': [{'year': 2025, 'month': 6, 'search_volume': 480}, {'year': 2025, 'month': 5, 'search_volume': 590}, {'year': 2025, 'month': 4, 'search_volume': 720}, {'year': 2025, 'month': 3, 'search_volume': 18100}, {'year': 2025, 'month': 2, 'search_volume': 720}, {'year': 2025, 'month': 1, 'search_volume': 880}, {'year': 2024, 'month': 12, 'search_volume': 2400}, {'year': 2024, 'month': 11, 'search_volume': 1900}, {'year': 2024, 'month': 10, 'search_volume': 880}, {'year': 2024, 'month': 9, 'search_volume': 1000}, {'year': 2024, 'month': 8, 'search_volume': 590}, {'year': 2024, 'month': 7, 'search_volume': 880}], 'search_volume_trend': {'monthly': -19, 'quarterly': -33, 'yearly': -33}}",,,,"{'se_type': 'google', 'core_keyword': None, 'synonym_clustering_algorithm': 'text_processing', 'keyword_difficulty': 38, 'detected_language': 'en', 'is_another_language': False}",,"{'se_type': 'google', 'backlinks': 45613.9, 'dofollow': 43845.4, 'referring_pages': 44001.2, 'referring_domains': 506.9, 'referring_main_domains': 474.4, 'rank': 238.2, 'main_domain_rank': 510.7, 'last_updated_time': '2025-06-30 06:45:26 +00:00'}","{'se_type': 'google', 'main_intent': 'navigational', 'foreign_intent': ['informational'], 'last_updated_time': '2023-03-07 02:07:33 +00:00'}",2400.0,0.93,0.02,LOW,"[{'year': 2025, 'month': 6, 'search_volume': 480}, {'year': 2025, 'month': 5, 'search_volume': 590}, {'year': 2025, 'month': 4, 'search_volume': 720}, {'year': 2025, 'month': 3, 'search_volume': 18100}, {'year': 2025, 'month': 2, 'search_volume': 720}, {'year': 2025, 'month': 1, 'search_volume': 880}, {'year': 2024, 'month': 12, 'search_volume': 2400}, {'year': 2024, 'month': 11, 'search_volume': 1900}, {'year': 2024, 'month': 10, 'search_volume': 880}, {'year': 2024, 'month': 9, 'search_volume': 1000}, {'year': 2024, 'month': 8, 'search_volume': 590}, {'year': 2024, 'month': 7, 'search_volume': 880}]",suggestions_v2_mortgage canada,mortgage canada,,,,,,,,,,,,,,,,,,,,,,,[10003],38.0,navigational,['informational'],1,bank + companies + mortgage companies,Uncategorized,Medium,Exact
google,canada bank rates mortgage,2124.0,en,"{'se_type': 'google', 'last_updated_time': '2025-07-18 18:58:22 +00:00', 'competition': 0.55, 'competition_level': 'MEDIUM', 'cpc': 2.03, 'search_volume': 1900, 'low_top_of_page_bid': 0.57, 'high_top_of_page_bid': 2.02, 'categories': [10012, 10097, 11841, 12960, 13293], 'monthly_searches': [{'year': 2025, 'month': 6, 'search_volume': 1000}, {'year': 2025, 'month': 5, 'search_volume': 1300}, {'year': 2025, 'month': 4, 'search_volume': 1600}, {'year': 2025, 'month': 3, 'search_volume': 2400}, {'year': 2025, 'month': 2, 'search_volume': 1600}, {'year': 2025, 'month': 1, 'search_volume': 1900}, {'year': 2024, 'month': 12, 'search_volume': 2400}, {'year': 2024, 'month': 11, 'search_volume': 1600}, {'year': 2024, 'month': 10, 'search_volume': 2400}, {'year': 2024, 'month': 9, 'search_volume': 1900}, {'year': 2024, 'month': 8, 'search_volume': 1300}, {'year': 2024, 'month': 7, 'search_volume': 1900}], 'search_volume_trend': {'monthly': -23, 'quarterly': -38, 'yearly': -47}}",,,,"{'se_type': 'google', 'core_keyword': 'bank of canada mortgage rates', 'synonym_clustering_algorithm': 'text_processing', 'keyword_difficulty': 50, 'detected_language': 'en', 'is_another_language': False}",,"{'se_type': 'google', 'backlinks': 4541.9, 'dofollow': 2694.8, 'referring_pages': 2810.4, 'referring_domains': 240.5, 'referring_main_domains': 207.9, 'rank': 294.9, 'main_domain_rank': 493.4, 'last_updated_time': '2024-10-02 06:36:33 +00:00'}","{'se_type': 'google', 'main_intent': 'navigational', 'foreign_intent': ['informational'], 'last_updated_time': '2023-09-05 05:17:47 +00:00'}",1900.0,2.03,0.55,MEDIUM,"[{'year': 2025, 'month': 6, 'search_volume': 1000}, {'year': 2025, 'month': 5, 'search_volume': 1300}, {'year': 2025, 'month': 4, 'search_volume': 1600}, {'year': 2025, 'month': 3, 'search_volume': 2400}, {'year': 2025, 'month': 2, 'search_volume': 1600}, {'year': 2025, 'month': 1, 'search_volume': 1900}, {'year': 2024, 'month': 12, 'search_volume': 2400}, {'year': 2024, 'month': 11, 'search_volume': 1600}, {'year': 2024, 'month': 10, 'search_volume': 2400}, {'year': 2024, 'month': 9, 'search_volume': 1900}, {'year': 2024, 'month': 8, 'search_volume': 1300}, {'year': 2024, 'month': 7, 'search_volume': 1900}]",suggestions_v2_mortgage canada,mortgage canada,,,,,,,,,,,,,,,,,,,,,,,"[10012, 10097, 11841, 12960, 13293]",50.0,navigational,['informational'],1,bank + companies + mortgage companies,Uncategorized,Medium,Phrase
google,bank rates canada mortgage,2124.0,en,"{'se_type': 'google', 'last_updated_time': '2025-07-11 02:04:49 +00:00', 'competition': 0.55, 'competition_level': 'MEDIUM', 'cpc': 2.03, 'search_volume': 1900, 'low_top_of_page_bid': 0.57, 'high_top_of_page_bid': 2.02, 'categories': [10012, 10097, 11841, 12960], 'monthly_searches': [{'year': 2025, 'month': 6, 'search_volume': 1000}, {'year': 2025, 'month': 5, 'search_volume': 1300}, {'year': 2025, 'month': 4, 'search_volume': 1600}, {'year': 2025, 'month': 3, 'search_volume': 2400}, {'year': 2025, 'month': 2, 'search_volume': 1600}, {'year': 2025, 'month': 1, 'search_volume': 1900}, {'year': 2024, 'month': 12, 'search_volume': 2400}, {'year': 2024, 'month': 11, 'search_volume': 1600}, {'year': 2024, 'month': 10, 'search_volume': 2400}, {'year': 2024, 'month': 9, 'search_volume': 1900}, {'year': 2024, 'month': 8, 'search_volume': 1300}, {'year': 2024, 'month': 7, 'search_volume': 1900}], 'search_volume_trend': {'monthly': -23, 'quarterly': -38, 'yearly': -47}}",,,,"{'se_type': 'google', 'core_keyword': 'bank of canada mortgage rates', 'synonym_clustering_algorithm': 'text_processing', 'keyword_difficulty': 51, 'detected_language': 'en', 'is_another_language': False}",,"{'se_type': 'google', 'backlinks': 2018.5, 'dofollow': 1412.7, 'referring_pages': 1543.5, 'referring_domains': 139.9, 'referring_main_domains': 116, 'rank': 282.4, 'main_domain_rank': 478.4, 'last_updated_time': '2024-10-13 23:18:22 +00:00'}","{'se_type': 'google', 'main_intent': 'navigational', 'foreign_intent': ['informational'], 'last_updated_time': '2023-09-04 10:50:29 +00:00'}",1900.0,2.03,0.55,MEDIUM,"[{'year': 2025, 'month': 6, 'search_volume': 1000}, {'year': 2025, 'month': 5, 'search_volume': 1300}, {'year': 2025, 'month': 4, 'search_volume': 1600}, {'year': 2025, 'month': 3, 'search_volume': 2400}, {'year': 2025, 'month': 2, 'search_volume': 1600}, {'year': 2025, 'month': 1, 'search_volume': 1900}, {'year': 2024, 'month': 12, 'search_volume': 2400}, {'year': 2024, 'month': 11, 'search_volume': 1600}, {'year': 2024, 'month': 10, 'search_volume': 2400}, {'year': 2024, 'month': 9, 'search_volume': 1900}, {'year': 2024, 'month': 8, 'search_volume': 1300}, {'year': 2024, 'month': 7, 'search_volume': 1900}]",suggestions_v2_mortgage canada,mortgage canada,,,,,,,,,,,,,,,,,,,,,,,"[10012, 10097, 11841, 12960]",51.0,navigational,['informational'],1,bank + companies + mortgage companies,Uncategorized,Medium,Phrase
google,mortgage bank rates canada,2124.0,en,"{'se_type': 'google', 'last_updated_time': '2025-07-21 00:27:09 +00:00', 'competition': 0.55, 'competition_level': 'MEDIUM', 'cpc': 2.03, 'search_volume': 1900, 'low_top_of_page_bid': 0.57, 'high_top_of_page_bid': 2.02, 'categories': [10012, 10097, 11841, 12960, 13293], 'monthly_searches': [{'year': 2025, 'month': 6, 'search_volume': 1000}, {'year': 2025, 'month': 5, 'search_volume': 1300}, {'year': 2025, 'month': 4, 'search_volume': 1600}, {'year': 2025, 'month': 3, 'search_volume': 2400}, {'year': 2025, 'month': 2, 'search_volume': 1600}, {'year': 2025, 'month': 1, 'search_volume': 1900}, {'year': 2024, 'month': 12, 'search_volume': 2400}, {'year': 2024, 'month': 11, 'search_volume': 1600}, {'year': 2024, 'month': 10, 'search_volume': 2400}, {'year': 2024, 'month': 9, 'search_volume': 1900}, {'year': 2024, 'month': 8, 'search_volume': 1300}, {'year': 2024, 'month': 7, 'search_volume': 1900}], 'search_volume_trend': {'monthly': -23, 'quarterly': -38, 'yearly': -47}}",,,,"{'se_type': 'google', 'core_keyword': 'bank of canada mortgage rates', 'synonym_clustering_algorithm': 'text_processing', 'keyword_difficulty': 50, 'detected_language': 'en', 'is_another_language': False}",,"{'se_type': 'google', 'backlinks': 2082.2, 'dofollow': 1378.7, 'referring_pages': 1495.7, 'referring_domains': 109.6, 'referring_main_domains': 92.9, 'rank': 267, 'main_domain_rank': 470.1, 'last_updated_time': '2024-09-17 22:51:05 +00:00'}","{'se_type': 'google', 'main_intent': 'navigational', 'foreign_intent': ['informational'], 'last_updated_time': '2023-09-05 01:12:44 +00:00'}",1900.0,2.03,0.55,MEDIUM,"[{'year': 2025, 'month': 6, 'search_volume': 1000}, {'year': 2025, 'month': 5, 'search_volume': 1300}, {'year': 2025, 'month': 4, 'search_volume': 1600}, {'year': 2025, 'month': 3, 'search_volume': 2400}, {'year': 2025, 'month': 2, 'search_volume': 1600}, {'year': 2025, 'month': 1, 'search_volume': 1900}, {'year': 2024, 'month': 12, 'search_volume': 2400}, {'year': 2024, 'month': 11, 'search_volume': 1600}, {'year': 2024, 'month': 10, 'search_volume': 2400}, {'year': 2024, 'month': 9, 'search_volume': 1900}, {'year': 2024, 'month': 8, 'search_volume': 1300}, {'year': 2024, 'month': 7, 'search_volume': 1900}]",suggestions_v2_mortgage canada,mortgage canada,,,,,,,,,,,,,,,,,,,,,,,"[10012, 10097, 11841, 12960, 13293]",50.0,navigational,['informational'],1,bank + companies + mortgage companies,Uncategorized,Medium,Phrase
google,mortgage news: canada,2124.0,en,"{'se_type': 'google', 'last_updated_time': '2025-07-09 22:41:40 +00:00', 'competition': 0.01, 'competition_level': 'LOW', 'cpc': 11.43, 'search_volume': 1600, 'low_top_of_page_bid': 0.62, 'high_top_of_page_bid': 10.95, 'categories': [10003], 'monthly_searches': [{'year': 2025, 'month': 6, 'search_volume': 1000}, {'year': 2025, 'month': 5, 'search_volume': 1000}, {'year': 2025, 'month': 4, 'search_volume': 1300}, {'year': 2025, 'month': 3, 'search_volume': 1600}, {'year': 2025, 'month': 2, 'search_volume': 1300}, {'year': 2025, 'month': 1, 'search_volume': 1600}, {'year': 2024, 'month': 12, 'search_volume': 1900}, {'year': 2024, 'month': 11, 'search_volume': 1600}, {'year': 2024, 'month': 10, 'search_volume': 1900}, {'year': 2024, 'month': 9, 'search_volume': 2900}, {'year': 2024, 'month': 8, 'search_volume': 1300}, {'year': 2024, 'month': 7, 'search_volume': 1600}], 'search_volume_trend': {'monthly': 0, 'quarterly': -23, 'yearly': -38}}",,,,"{'se_type': 'google', 'core_keyword': 'mortgage news canada', 'synonym_clustering_algorithm': 'text_processing', 'keyword_difficulty': 33, 'detected_language': 'en', 'is_another_language': False}",,"{'se_type': 'google', 'backlinks': 40876.8, 'dofollow': 38993.2, 'referring_pages': 39140.3, 'referring_domains': 483.3, 'referring_main_domains': 450.9, 'rank': 196, 'main_domain_rank': 426.8, 'last_updated_time': '2025-07-10 19:46:41 +00:00'}","{'se_type': 'google', 'main_intent': 'navigational', 'foreign_intent': None, 'last_updated_time': '2023-03-07 02:07:26 +00:00'}",1600.0,11.43,0.01,LOW,"[{'year': 2025, 'month': 6, 'search_volume': 1000}, {'year': 2025, 'month': 5, 'search_volume': 1000}, {'year': 2025, 'month': 4, 'search_volume': 1300}, {'year': 2025, 'month': 3, 'search_volume': 1600}, {'year': 2025, 'month': 2, 'search_volume': 1300}, {'year': 2025, 'month': 1, 'search_volume': 1600}, {'year': 2024, 'month': 12, 'search_volume': 1900}, {'year': 2024, 'month': 11, 'search_volume': 1600}, {'year': 2024, 'month': 10, 'search_volume': 1900}, {'year': 2024, 'month': 9, 'search_volume': 2900}, {'year': 2024, 'month': 8, 'search_volume': 1300}, {'year': 2024, 'month': 7, 'search_volume': 1600}]",suggestions_v2_mortgage canada,mortgage canada,,,,,,,,,,,,,,,,,,,,,,,[10003],33.0,navigational,,9,news + mortgage news + news canada,Uncategorized,Medium,Exact
google,mortgage professionals of canada,2124.0,en,"{'se_type': 'google', 'last_updated_time': '2025-07-16 17:27:14 +00:00', 'competition': 0.24, 'competition_level': 'LOW', 'cpc': 0.91, 'search_volume': 1600, 'low_top_of_page_bid': 1.53, 'high_top_of_page_bid': 5.63, 'categories': [10003], 'monthly_searches': [{'year': 2025, 'month': 6, 'search_volume': 1600}, {'year': 2025, 'month': 5, 'search_volume': 1900}, {'year': 2025, 'month': 4, 'search_volume': 1900}, {'year': 2025, 'month': 3, 'search_volume': 1900}, {'year': 2025, 'month': 2, 'search_volume': 1600}, {'year': 2025, 'month': 1, 'search_volume': 1600}, {'year': 2024, 'month': 12, 'search_volume': 1000}, {'year': 2024, 'month': 11, 'search_volume': 1300}, {'year': 2024, 'month': 10, 'search_volume': 2400}, {'year': 2024, 'month': 9, 'search_volume': 1900}, {'year': 2024, 'month': 8, 'search_volume': 1600}, {'year': 2024, 'month': 7, 'search_volume': 1600}], 'search_volume_trend': {'monthly': -16, 'quarterly': -16, 'yearly': 0}}",,,,"{'se_type': 'google', 'core_keyword': 'canada mortgage professional', 'synonym_clustering_algorithm': 'text_processing', 'keyword_difficulty': 37, 'detected_language': 'en', 'is_another_language': False}",,"{'se_type': 'google', 'backlinks': 2614.4, 'dofollow': 2390.4, 'referring_pages': 2507.4, 'referring_domains': 170, 'referring_main_domains': 165.8, 'rank': 220.3, 'main_domain_rank': 592.6, 'last_updated_time': '2024-09-13 05:02:28 +00:00'}","{'se_type': 'google', 'main_intent': 'navigational', 'foreign_intent': ['informational'], 'last_updated_time': '2023-03-07 02:07:28 +00:00'}",1600.0,0.91,0.24,LOW,"[{'year': 2025, 'month': 6, 'search_volume': 1600}, {'year': 2025, 'month': 5, 'search_volume': 1900}, {'year': 2025, 'month': 4, 'search_volume': 1900}, {'year': 2025, 'month': 3, 'search_volume': 1900}, {'year': 2025, 'month': 2, 'search_volume': 1600}, {'year': 2025, 'month': 1, 'search_volume': 1600}, {'year': 2024, 'month': 12, 'search_volume': 1000}, {'year': 2024, 'month': 11, 'search_volume': 1300}, {'year': 2024, 'month': 10, 'search_volume': 2400}, {'year': 2024, 'month': 9, 'search_volume': 1900}, {'year': 2024, 'month': 8, 'search_volume': 1600}, {'year': 2024, 'month': 7, 'search_volume': 1600}]",suggestions_v2_mortgage canada,mortgage canada,,,,,,,,,,,,,,,,,,,,,,,[10003],37.0,navigational,['informational'],10,mortgage professionals + professionals canada + professionals,Uncategorized,Medium,Phrase
google,canada mortgage news,2124.0,en,"{'se_type': 'google', 'last_updated_time': '2025-07-12 17:38:27 +00:00', 'competition': 0.01, 'competition_level': 'LOW', 'cpc': 11.43, 'search_volume': 1600, 'low_top_of_page_bid': 0.62, 'high_top_of_page_bid': 10.95, 'categories': [10108, 13647], 'monthly_searches': [{'year': 2025, 'month': 6, 'search_volume': 1000}, {'year': 2025, 'month': 5, 'search_volume': 1000}, {'year': 2025, 'month': 4, 'search_volume': 1300}, {'year': 2025, 'month': 3, 'search_volume': 1600}, {'year': 2025, 'month': 2, 'search_volume': 1300}, {'year': 2025, 'month': 1, 'search_volume': 1600}, {'year': 2024, 'month': 12, 'search_volume': 1900}, {'year': 2024, 'month': 11, 'search_volume': 1600}, {'year': 2024, 'month': 10, 'search_volume': 1900}, {'year': 2024, 'month': 9, 'search_volume': 2900}, {'year': 2024, 'month': 8, 'search_volume': 1300}, {'year': 2024, 'month': 7, 'search_volume': 1600}], 'search_volume_trend': {'monthly': 0, 'quarterly': -23, 'yearly': -38}}",,,,"{'se_type': 'google', 'core_keyword': 'mortgage news canada', 'synonym_clustering_algorithm': 'text_processing', 'keyword_difficulty': 43, 'detected_language': 'en', 'is_another_language': False}",,"{'se_type': 'google', 'backlinks': 44198.6, 'dofollow': 42287.4, 'referring_pages': 42445.6, 'referring_domains': 502.1, 'referring_main_domains': 468.2, 'rank': 251.5, 'main_domain_rank': 463, 'last_updated_time': '2025-07-15 20:52:14 +00:00'}","{'se_type': 'google', 'main_intent': 'navigational', 'foreign_intent': ['informational'], 'last_updated_time': '2023-03-03 18:12:44 +00:00'}",1600.0,11.43,0.01,LOW,"[{'year': 2025, 'month': 6, 'search_volume': 1000}, {'year': 2025, 'month': 5, 'search_volume': 1000}, {'year': 2025, 'month': 4, 'search_volume': 1300}, {'year': 2025, 'month': 3, 'search_volume': 1600}, {'year': 2025, 'month': 2, 'search_volume': 1300}, {'year': 2025, 'month': 1, 'search_volume': 1600}, {'year': 2024, 'month': 12, 'search_volume': 1900}, {'year': 2024, 'month': 11, 'search_volume': 1600}, {'year': 2024, 'month': 10, 'search_volume': 1900}, {'year': 2024, 'month': 9, 'search_volume': 2900}, {'year': 2024, 'month': 8, 'search_volume': 1300}, {'year': 2024, 'month': 7, 'search_volume': 1600}]",suggestions_v2_mortgage canada,mortgage canada,,,,,,,,,,,,,,,,,,,,,,,"[10108, 13647]",43.0,navigational,['informational'],9,news + mortgage news + news canada,Uncategorized,Medium,Exact
google,mortgage professionals canada,2124.0,en,"{'se_type': 'google', 'last_updated_time': '2025-07-13 19:12:54 +00:00', 'competition': 0.24, 'competition_level': 'LOW', 'cpc': 0.91, 'search_volume': 1600, 'low_top_of_page_bid': 1.53, 'high_top_of_page_bid': 5.63, 'categories': [10003], 'monthly_searches': [{'year': 2025, 'month': 6, 'search_volume': 1600}, {'year': 2025, 'month': 5, 'search_volume': 1900}, {'year': 2025, 'month': 4, 'search_volume': 1900}, {'year': 2025, 'month': 3, 'search_volume': 1900}, {'year': 2025, 'month': 2, 'search_volume': 1600}, {'year': 2025, 'month': 1, 'search_volume': 1600}, {'year': 2024, 'month': 12, 'search_volume': 1000}, {'year': 2024, 'month': 11, 'search_volume': 1300}, {'year': 2024, 'month': 10, 'search_volume': 2400}, {'year': 2024, 'month': 9, 'search_volume': 1900}, {'year': 2024, 'month': 8, 'search_volume': 1600}, {'year': 2024, 'month': 7, 'search_volume': 1600}], 'search_volume_trend': {'monthly': -16, 'quarterly': -16, 'yearly': 0}}",,,,"{'se_type': 'google', 'core_keyword': 'canada mortgage professional', 'synonym_clustering_algorithm': 'text_processing', 'keyword_difficulty': 38, 'detected_language': 'en', 'is_another_language': False}",,"{'se_type': 'google', 'backlinks': 1320.1, 'dofollow': 1085.6, 'referring_pages': 1165.3, 'referring_domains': 194.1, 'referring_main_domains': 189.1, 'rank': 225.8, 'main_domain_rank': 595.4, 'last_updated_time': '2025-07-29 02:49:00 +00:00'}","{'se_type': 'google', 'main_intent': 'navigational', 'foreign_intent': ['commercial'], 'last_updated_time': '2023-03-07 02:07:28 +00:00'}",1600.0,0.91,0.24,LOW,"[{'year': 2025, 'month': 6, 'search_volume': 1600}, {'year': 2025, 'month': 5, 'search_volume': 1900}, {'year': 2025, 'month': 4, 'search_volume': 1900}, {'year': 2025, 'month': 3, 'search_volume': 1900}, {'year': 2025, 'month': 2, 'search_volume': 1600}, {'year': 2025, 'month': 1, 'search_volume': 1600}, {'year': 2024, 'month': 12, 'search_volume': 1000}, {'year': 2024, 'month': 11, 'search_volume': 1300}, {'year': 2024, 'month': 10, 'search_volume': 2400}, {'year': 2024, 'month': 9, 'search_volume': 1900}, {'year': 2024, 'month': 8, 'search_volume': 1600}, {'year': 2024, 'month': 7, 'search_volume': 1600}]",suggestions_v2_mortgage canada,mortgage canada,,,,,,,,,,,,,,,,,,,,,,,[10003],38.0,navigational,['commercial'],10,mortgage professionals + professionals canada + professionals,Uncategorized,Medium,Exact
google,mortgage news canada,2124.0,en,"{'se_type': 'google', 'last_updated_time': '2025-07-22 17:12:47 +00:00', 'competition': 0.01, 'competition_level': 'LOW', 'cpc': 11.43, 'search_volume': 1600, 'low_top_of_page_bid': 0.62, 'high_top_of_page_bid': 10.95, 'categories': [10003, 10012, 10097, 11841, 12960, 13290], 'monthly_searches': [{'year': 2025, 'month': 6, 'search_volume': 1000}, {'year': 2025, 'month': 5, 'search_volume': 1000}, {'year': 2025, 'month': 4, 'search_volume': 1300}, {'year': 2025, 'month': 3, 'search_volume': 1600}, {'year': 2025, 'month': 2, 'search_volume': 1300}, {'year': 2025, 'month': 1, 'search_volume': 1600}, {'year': 2024, 'month': 12, 'search_volume': 1900}, {'year': 2024, 'month': 11, 'search_volume': 1600}, {'year': 2024, 'month': 10, 'search_volume': 1900}, {'year': 2024, 'month': 9, 'search_volume': 2900}, {'year': 2024, 'month': 8, 'search_volume': 1300}, {'year': 2024, 'month': 7, 'search_volume': 1600}], 'search_volume_trend': {'monthly': 0, 'quarterly': -23, 'yearly': -38}}",,,,"{'se_type': 'google', 'core_keyword': None, 'synonym_clustering_algorithm': 'text_processing', 'keyword_difficulty': 43, 'detected_language': 'en', 'is_another_language': False}",,"{'se_type': 'google', 'backlinks': 44316.7, 'dofollow': 42389.2, 'referring_pages': 42556.4, 'referring_domains': 507.6, 'referring_main_domains': 474.4, 'rank': 256.5, 'main_domain_rank': 426.8, 'last_updated_time': '2025-07-29 02:49:02 +00:00'}","{'se_type': 'google', 'main_intent': 'navigational', 'foreign_intent': None, 'last_updated_time': '2023-03-07 02:07:26 +00:00'}",1600.0,11.43,0.01,LOW,"[{'year': 2025, 'month': 6, 'search_volume': 1000}, {'year': 2025, 'month': 5, 'search_volume': 1000}, {'year': 2025, 'month': 4, 'search_volume': 1300}, {'year': 2025, 'month': 3, 'search_volume': 1600}, {'year': 2025, 'month': 2, 'search_volume': 1300}, {'year': 2025, 'month': 1, 'search_volume': 1600}, {'year': 2024, 'month': 12, 'search_volume': 1900}, {'year': 2024, 'month': 11, 'search_volume': 1600}, {'year': 2024, 'month': 10, 'search_volume': 1900}, {'year': 2024, 'month': 9, 'search_volume': 2900}, {'year': 2024, 'month': 8, 'search_volume': 1300}, {'year': 2024, 'month': 7, 'search_volume': 1600}]",suggestions_v2_mortgage canada,mortgage canada,,,,,,,,,,,,,,,,,,,,,,,"[10003, 10012, 10097, 11841, 12960, 13290]",43.0,navigational,,9,news + mortgage news + news canada,Uncategorized,Medium,Exact
google,mortgage news in canada,2124.0,en,"{'se_type': 'google', 'last_updated_time': '2025-07-22 09:20:35 +00:00', 'competition': 0.01, 'competition_level': 'LOW', 'cpc': 11.43, 'search_volume': 1600, 'low_top_of_page_bid': 0.62, 'high_top_of_page_bid': 10.95, 'categories': [10003], 'monthly_searches': [{'year': 2025, 'month': 6, 'search_volume': 1000}, {'year': 2025, 'month': 5, 'search_volume': 1000}, {'year': 2025, 'month': 4, 'search_volume': 1300}, {'year': 2025, 'month': 3, 'search_volume': 1600}, {'year': 2025, 'month': 2, 'search_volume': 1300}, {'year': 2025, 'month': 1, 'search_volume': 1600}, {'year': 2024, 'month': 12, 'search_volume': 1900}, {'year': 2024, 'month': 11, 'search_volume': 1600}, {'year': 2024, 'month': 10, 'search_volume': 1900}, {'year': 2024, 'month': 9, 'search_volume': 2900}, {'year': 2024, 'month': 8, 'search_volume': 1300}, {'year': 2024, 'month': 7, 'search_volume': 1600}], 'search_volume_trend': {'monthly': 0, 'quarterly': -23, 'yearly': -38}}",,,,"{'se_type': 'google', 'core_keyword': 'mortgage news canada', 'synonym_clustering_algorithm': 'text_processing', 'keyword_difficulty': 33, 'detected_language': 'en', 'is_another_language': False}",,"{'se_type': 'google', 'backlinks': 1099.2, 'dofollow': 945.7, 'referring_pages': 974.6, 'referring_domains': 76.6, 'referring_main_domains': 73.4, 'rank': 178.5, 'main_domain_rank': 448.1, 'last_updated_time': '2025-05-19 19:58:13 +00:00'}","{'se_type': 'google', 'main_intent': 'navigational', 'foreign_intent': None, 'last_updated_time': '2023-03-07 02:07:26 +00:00'}",1600.0,11.43,0.01,LOW,"[{'year': 2025, 'month': 6, 'search_volume': 1000}, {'year': 2025, 'month': 5, 'search_volume': 1000}, {'year': 2025, 'month': 4, 'search_volume': 1300}, {'year': 2025, 'month': 3, 'search_volume': 1600}, {'year': 2025, 'month': 2, 'search_volume': 1300}, {'year': 2025, 'month': 1, 'search_volume': 1600}, {'year': 2024, 'month': 12, 'search_volume': 1900}, {'year': 2024, 'month': 11, 'search_volume': 1600}, {'year': 2024, 'month': 10, 'search_volume': 1900}, {'year': 2024, 'month': 9, 'search_volume': 2900}, {'year': 2024, 'month': 8, 'search_volume': 1300}, {'year': 2024, 'month': 7, 'search_volume': 1600}]",suggestions_v2_mortgage canada,mortgage canada,,,,,,,,,,,,,,,,,,,,,,,[10003],33.0,navigational,,9,news + mortgage news + news canada,Uncategorized,Medium,Phrase
google,mortgage professional canada,2124.0,en,"{'se_type': 'google', 'last_updated_time': '2025-07-14 13:11:06 +00:00', 'competition': 0.24, 'competition_level': 'LOW', 'cpc': 0.91, 'search_volume': 1600, 'low_top_of_page_bid': 1.53, 'high_top_of_page_bid': 5.63, 'categories': [10012, 10096, 10097, 11841, 12956, 13283], 'monthly_searches': [{'year': 2025, 'month': 6, 'search_volume': 1600}, {'year': 2025, 'month': 5, 'search_volume': 1900}, {'year': 2025, 'month': 4, 'search_volume': 1900}, {'year': 2025, 'month': 3, 'search_volume': 1900}, {'year': 2025, 'month': 2, 'search_volume': 1600}, {'year': 2025, 'month': 1, 'search_volume': 1600}, {'year': 2024, 'month': 12, 'search_volume': 1000}, {'year': 2024, 'month': 11, 'search_volume': 1300}, {'year': 2024, 'month': 10, 'search_volume': 2400}, {'year': 2024, 'month': 9, 'search_volume': 1900}, {'year': 2024, 'month': 8, 'search_volume': 1600}, {'year': 2024, 'month': 7, 'search_volume': 1600}], 'search_volume_trend': {'monthly': -16, 'quarterly': -16, 'yearly': 0}}",,,,"{'se_type': 'google', 'core_keyword': 'canada mortgage professional', 'synonym_clustering_algorithm': 'text_processing', 'keyword_difficulty': 38, 'detected_language': 'en', 'is_another_language': False}",,"{'se_type': 'google', 'backlinks': 1402.8, 'dofollow': 1207, 'referring_pages': 1300.3, 'referring_domains': 191.7, 'referring_main_domains': 186.8, 'rank': 229.8, 'main_domain_rank': 545.6, 'last_updated_time': '2025-03-07 23:50:32 +00:00'}","{'se_type': 'google', 'main_intent': 'navigational', 'foreign_intent': ['commercial'], 'last_updated_time': '2023-03-07 02:07:28 +00:00'}",1600.0,0.91,0.24,LOW,"[{'year': 2025, 'month': 6, 'search_volume': 1600}, {'year': 2025, 'month': 5, 'search_volume': 1900}, {'year': 2025, 'month': 4, 'search_volume': 1900}, {'year': 2025, 'month': 3, 'search_volume': 1900}, {'year': 2025, 'month': 2, 'search_volume': 1600}, {'year': 2025, 'month': 1, 'search_volume': 1600}, {'year': 2024, 'month': 12, 'search_volume': 1000}, {'year': 2024, 'month': 11, 'search_volume': 1300}, {'year': 2024, 'month': 10, 'search_volume': 2400}, {'year': 2024, 'month': 9, 'search_volume': 1900}, {'year': 2024, 'month': 8, 'search_volume': 1600}, {'year': 2024, 'month': 7, 'search_volume': 1600}]",suggestions_v2_mortgage canada,mortgage canada,,,,,,,,,,,,,,,,,,,,,,,"[10012, 10096, 10097, 11841, 12956, 13283]",38.0,navigational,['commercial'],1,bank + companies + mortgage companies,Uncategorized,Medium,Exact
google,mortgage rate news canada,2124.0,en,"{'se_type': 'google', 'last_updated_time': '2025-07-15 10:59:29 +00:00', 'competition': 0.04, 'competition_level': 'LOW', 'cpc': 1.53, 'search_volume': 1000, 'low_top_of_page_bid': 0.63, 'high_top_of_page_bid': 3.58, 'categories': [10003], 'monthly_searches': [{'year': 2025, 'month': 6, 'search_volume': 720}, {'year': 2025, 'month': 5, 'search_volume': 880}, {'year': 2025, 'month': 4, 'search_volume': 1000}, {'year': 2025, 'month': 3, 'search_volume': 1300}, {'year': 2025, 'month': 2, 'search_volume': 880}, {'year': 2025, 'month': 1, 'search_volume': 1000}, {'year': 2024, 'month': 12, 'search_volume': 1000}, {'year': 2024, 'month': 11, 'search_volume': 720}, {'year': 2024, 'month': 10, 'search_volume': 1300}, {'year': 2024, 'month': 9, 'search_volume': 1000}, {'year': 2024, 'month': 8, 'search_volume': 880}, {'year': 2024, 'month': 7, 'search_volume': 1000}], 'search_volume_trend': {'monthly': -18, 'quarterly': -28, 'yearly': -45}}",,,,"{'se_type': 'google', 'core_keyword': 'canada mortgage rate news', 'synonym_clustering_algorithm': 'text_processing', 'keyword_difficulty': 47, 'detected_language': 'en', 'is_another_language': False}",,"{'se_type': 'google', 'backlinks': 1108, 'dofollow': 743.5, 'referring_pages': 789.4, 'referring_domains': 108.6, 'referring_main_domains': 91.2, 'rank': 231.1, 'main_domain_rank': 473.9, 'last_updated_time': '2025-04-12 23:24:39 +00:00'}","{'se_type': 'google', 'main_intent': 'navigational', 'foreign_intent': ['informational'], 'last_updated_time': '2023-03-07 02:07:28 +00:00'}",1000.0,1.53,0.04,LOW,"[{'year': 2025, 'month': 6, 'search_volume': 720}, {'year': 2025, 'month': 5, 'search_volume': 880}, {'year': 2025, 'month': 4, 'search_volume': 1000}, {'year': 2025, 'month': 3, 'search_volume': 1300}, {'year': 2025, 'month': 2, 'search_volume': 880}, {'year': 2025, 'month': 1, 'search_volume': 1000}, {'year': 2024, 'month': 12, 'search_volume': 1000}, {'year': 2024, 'month': 11, 'search_volume': 720}, {'year': 2024, 'month': 10, 'search_volume': 1300}, {'year': 2024, 'month': 9, 'search_volume': 1000}, {'year': 2024, 'month': 8, 'search_volume': 880}, {'year': 2024, 'month': 7, 'search_volume': 1000}]",suggestions_v2_mortgage canada,mortgage canada,,,,,,,,,,,,,,,,,,,,,,,[10003],47.0,navigational,['informational'],9,news + mortgage news + news canada,Uncategorized,Medium,Phrase
google,mortgage rate calculator canada,2124.0,en,"{'se_type': 'google', 'last_updated_time': '2025-07-19 00:18:28 +00:00', 'competition': 0.57, 'competition_level': 'MEDIUM', 'cpc': 0.47, 'search_volume': 1000, 'low_top_of_page_bid': 0.15, 'high_top_of_page_bid': 0.44, 'categories': [10012, 10097, 11841, 12957, 12960, 13285, 13293], 'monthly_searches': [{'year': 2025, 'month': 6, 'search_volume': 590}, {'year': 2025, 'month': 5, 'search_volume': 720}, {'year': 2025, 'month': 4, 'search_volume': 880}, {'year': 2025, 'month': 3, 'search_volume': 1300}, {'year': 2025, 'month': 2, 'search_volume': 1000}, {'year': 2025, 'month': 1, 'search_volume': 1600}, {'year': 2024, 'month': 12, 'search_volume': 1300}, {'year': 2024, 'month': 11, 'search_volume': 1000}, {'year': 2024, 'month': 10, 'search_volume': 1300}, {'year': 2024, 'month': 9, 'search_volume': 1600}, {'year': 2024, 'month': 8, 'search_volume': 1000}, {'year': 2024, 'month': 7, 'search_volume': 1000}], 'search_volume_trend': {'monthly': -18, 'quarterly': -33, 'yearly': -41}}",,,,"{'se_type': 'google', 'core_keyword': None, 'synonym_clustering_algorithm': 'text_processing', 'keyword_difficulty': 60, 'detected_language': 'en', 'is_another_language': False}",,"{'se_type': 'google', 'backlinks': 46659, 'dofollow': 45344.6, 'referring_pages': 45525.9, 'referring_domains': 194.7, 'referring_main_domains': 186.4, 'rank': 341.2, 'main_domain_rank': 498.8, 'last_updated_time': '2025-07-29 05:39:17 +00:00'}","{'se_type': 'google', 'main_intent': 'navigational', 'foreign_intent': ['informational'], 'last_updated_time': '2023-03-07 02:07:28 +00:00'}",1000.0,0.47,0.57,MEDIUM,"[{'year': 2025, 'month': 6, 'search_volume': 590}, {'year': 2025, 'month': 5, 'search_volume': 720}, {'year': 2025, 'month': 4, 'search_volume': 880}, {'year': 2025, 'month': 3, 'search_volume': 1300}, {'year': 2025, 'month': 2, 'search_volume': 1000}, {'year': 2025, 'month': 1, 'search_volume': 1600}, {'year': 2024, 'month': 12, 'search_volume': 1300}, {'year': 2024, 'month': 11, 'search_volume': 1000}, {'year': 2024, 'month': 10, 'search_volume': 1300}, {'year': 2024, 'month': 9, 'search_volume': 1600}, {'year': 2024, 'month': 8, 'search_volume': 1000}, {'year': 2024, 'month': 7, 'search_volume': 1000}]",suggestions_v2_mortgage canada,mortgage canada,,,,,,,,,,,,,,,,,,,,,,,"[10012, 10097, 11841, 12957, 12960, 13285, 13293]",60.0,navigational,['informational'],6,rate + mortgage rate + prime,Uncategorized,Medium,Phrase
google,mortgage lender in canada,2124.0,en,"{'se_type': 'google', 'last_updated_time': '2025-07-13 05:20:30 +00:00', 'competition': 0.65, 'competition_level': 'MEDIUM', 'cpc': 9.14, 'search_volume': 880, 'low_top_of_page_bid': 2.71, 'high_top_of_page_bid': 11.87, 'categories': [10003, 10012, 10096, 10097, 11841, 12960, 13290], 'monthly_searches': [{'year': 2025, 'month': 6, 'search_volume': 880}, {'year': 2025, 'month': 5, 'search_volume': 880}, {'year': 2025, 'month': 4, 'search_volume': 1000}, {'year': 2025, 'month': 3, 'search_volume': 1300}, {'year': 2025, 'month': 2, 'search_volume': 1000}, {'year': 2025, 'month': 1, 'search_volume': 1000}, {'year': 2024, 'month': 12, 'search_volume': 590}, {'year': 2024, 'month': 11, 'search_volume': 720}, {'year': 2024, 'month': 10, 'search_volume': 880}, {'year': 2024, 'month': 9, 'search_volume': 1000}, {'year': 2024, 'month': 8, 'search_volume': 720}, {'year': 2024, 'month': 7, 'search_volume': 880}], 'search_volume_trend': {'monthly': 0, 'quarterly': -12, 'yearly': 0}}",,,,"{'se_type': 'google', 'core_keyword': 'canada mortgage lender', 'synonym_clustering_algorithm': 'text_processing', 'keyword_difficulty': 48, 'detected_language': 'en', 'is_another_language': False}",,"{'se_type': 'google', 'backlinks': 1300.3, 'dofollow': 981.3, 'referring_pages': 1125.7, 'referring_domains': 90.8, 'referring_main_domains': 86.1, 'rank': 237.5, 'main_domain_rank': 352, 'last_updated_time': '2024-09-08 05:02:38 +00:00'}","{'se_type': 'google', 'main_intent': 'navigational', 'foreign_intent': None, 'last_updated_time': '2023-03-07 02:07:23 +00:00'}",880.0,9.14,0.65,MEDIUM,"[{'year': 2025, 'month': 6, 'search_volume': 880}, {'year': 2025, 'month': 5, 'search_volume': 880}, {'year': 2025, 'month': 4, 'search_volume': 1000}, {'year': 2025, 'month': 3, 'search_volume': 1300}, {'year': 2025, 'month': 2, 'search_volume': 1000}, {'year': 2025, 'month': 1, 'search_volume': 1000}, {'year': 2024, 'month': 12, 'search_volume': 590}, {'year': 2024, 'month': 11, 'search_volume': 720}, {'year': 2024, 'month': 10, 'search_volume': 880}, {'year': 2024, 'month': 9, 'search_volume': 1000}, {'year': 2024, 'month': 8, 'search_volume': 720}, {'year': 2024, 'month': 7, 'search_volume': 880}]",suggestions_v2_mortgage canada,mortgage canada,,,,,,,,,,,,,,,,,,,,,,,"[10003, 10012, 10096, 10097, 11841, 12960, 13290]",48.0,navigational,,11,lender + mortgage lender + lender canada,Uncategorized,Medium,Phrase
google,canada mortgage lender,2124.0,en,"{'se_type': 'google', 'last_updated_time': '2025-07-13 18:36:39 +00:00', 'competition': 0.65, 'competition_level': 'MEDIUM', 'cpc': 9.14, 'search_volume': 880, 'low_top_of_page_bid': 2.71, 'high_top_of_page_bid': 11.87, 'categories': [10012, 10096], 'monthly_searches': [{'year': 2025, 'month': 6, 'search_volume': 880}, {'year': 2025, 'month': 5, 'search_volume': 880}, {'year': 2025, 'month': 4, 'search_volume': 1000}, {'year': 2025, 'month': 3, 'search_volume': 1300}, {'year': 2025, 'month': 2, 'search_volume': 1000}, {'year': 2025, 'month': 1, 'search_volume': 1000}, {'year': 2024, 'month': 12, 'search_volume': 590}, {'year': 2024, 'month': 11, 'search_volume': 720}, {'year': 2024, 'month': 10, 'search_volume': 880}, {'year': 2024, 'month': 9, 'search_volume': 1000}, {'year': 2024, 'month': 8, 'search_volume': 720}, {'year': 2024, 'month': 7, 'search_volume': 880}], 'search_volume_trend': {'monthly': 0, 'quarterly': -12, 'yearly': 0}}",,,,"{'se_type': 'google', 'core_keyword': None, 'synonym_clustering_algorithm': 'text_processing', 'keyword_difficulty': 54, 'detected_language': 'en', 'is_another_language': False}",,"{'se_type': 'google', 'backlinks': 2654.6, 'dofollow': 1838.8, 'referring_pages': 1952.8, 'referring_domains': 156.2, 'referring_main_domains': 145.6, 'rank': 319.6, 'main_domain_rank': 332.6, 'last_updated_time': '2025-07-30 01:53:21 +00:00'}","{'se_type': 'google', 'main_intent': 'navigational', 'foreign_intent': None, 'last_updated_time': '2023-08-30 22:46:17 +00:00'}",880.0,9.14,0.65,MEDIUM,"[{'year': 2025, 'month': 6, 'search_volume': 880}, {'year': 2025, 'month': 5, 'search_volume': 880}, {'year': 2025, 'month': 4, 'search_volume': 1000}, {'year': 2025, 'month': 3, 'search_volume': 1300}, {'year': 2025, 'month': 2, 'search_volume': 1000}, {'year': 2025, 'month': 1, 'search_volume': 1000}, {'year': 2024, 'month': 12, 'search_volume': 590}, {'year': 2024, 'month': 11, 'search_volume': 720}, {'year': 2024, 'month': 10, 'search_volume': 880}, {'year': 2024, 'month': 9, 'search_volume': 1000}, {'year': 2024, 'month': 8, 'search_volume': 720}, {'year': 2024, 'month': 7, 'search_volume': 880}]",suggestions_v2_mortgage canada,mortgage canada,,,,,,,,,,,,,,,,,,,,,,,"[10012, 10096]",54.0,navigational,,11,lender + mortgage lender + lender canada,Uncategorized,Medium,Exact
google,canada mortgage loan insurance,2124.0,en,"{'se_type': 'google', 'last_updated_time': '2025-07-17 22:55:37 +00:00', 'competition': 0.57, 'competition_level': 'MEDIUM', 'cpc': 6.23, 'search_volume': 880, 'low_top_of_page_bid': 1.81, 'high_top_of_page_bid': 7.13, 'categories': [10003, 10012, 10102], 'monthly_searches': [{'year': 2025, 'month': 6, 'search_volume': 720}, {'year': 2025, 'month': 5, 'search_volume': 720}, {'year': 2025, 'month': 4, 'search_volume': 720}, {'year': 2025, 'month': 3, 'search_volume': 880}, {'year': 2025, 'month': 2, 'search_volume': 880}, {'year': 2025, 'month': 1, 'search_volume': 1000}, {'year': 2024, 'month': 12, 'search_volume': 720}, {'year': 2024, 'month': 11, 'search_volume': 720}, {'year': 2024, 'month': 10, 'search_volume': 880}, {'year': 2024, 'month': 9, 'search_volume': 1300}, {'year': 2024, 'month': 8, 'search_volume': 720}, {'year': 2024, 'month': 7, 'search_volume': 720}], 'search_volume_trend': {'monthly': 0, 'quarterly': 0, 'yearly': -18}}",,,,"{'se_type': 'google', 'core_keyword': None, 'synonym_clustering_algorithm': 'text_processing', 'keyword_difficulty': 33, 'detected_language': 'en', 'is_another_language': False}",,"{'se_type': 'google', 'backlinks': 1148.6, 'dofollow': 1133.4, 'referring_pages': 1146.5, 'referring_domains': 51.7, 'referring_main_domains': 41.8, 'rank': 212.2, 'main_domain_rank': 498.3, 'last_updated_time': '2025-02-16 03:49:24 +00:00'}","{'se_type': 'google', 'main_intent': 'navigational', 'foreign_intent': ['commercial'], 'last_updated_time': '2023-03-03 18:12:44 +00:00'}",880.0,6.23,0.57,MEDIUM,"[{'year': 2025, 'month': 6, 'search_volume': 720}, {'year': 2025, 'month': 5, 'search_volume': 720}, {'year': 2025, 'month': 4, 'search_volume': 720}, {'year': 2025, 'month': 3, 'search_volume': 880}, {'year': 2025, 'month': 2, 'search_volume': 880}, {'year': 2025, 'month': 1, 'search_volume': 1000}, {'year': 2024, 'month': 12, 'search_volume': 720}, {'year': 2024, 'month': 11, 'search_volume': 720}, {'year': 2024, 'month': 10, 'search_volume': 880}, {'year': 2024, 'month': 9, 'search_volume': 1300}, {'year': 2024, 'month': 8, 'search_volume': 720}, {'year': 2024, 'month': 7, 'search_volume': 720}]",suggestions_v2_mortgage canada,mortgage canada,,,,,,,,,,,,,,,,,,,,,,,"[10003, 10012, 10102]",33.0,navigational,['commercial'],8,loan + mortgage loan + loan insurance,Uncategorized,Medium,Phrase
google,mortgage companies in canada,2124.0,en,"{'se_type': 'google', 'last_updated_time': '2025-07-14 12:03:57 +00:00', 'competition': 0.65, 'competition_level': 'MEDIUM', 'cpc': 9.14, 'search_volume': 880, 'low_top_of_page_bid': 2.71, 'high_top_of_page_bid': 11.87, 'categories': [10012, 10097, 11841, 12956, 12960, 13283, 13290], 'monthly_searches': [{'year': 2025, 'month': 6, 'search_volume': 880}, {'year': 2025, 'month': 5, 'search_volume': 880}, {'year': 2025, 'month': 4, 'search_volume': 1000}, {'year': 2025, 'month': 3, 'search_volume': 1300}, {'year': 2025, 'month': 2, 'search_volume': 1000}, {'year': 2025, 'month': 1, 'search_volume': 1000}, {'year': 2024, 'month': 12, 'search_volume': 590}, {'year': 2024, 'month': 11, 'search_volume': 720}, {'year': 2024, 'month': 10, 'search_volume': 880}, {'year': 2024, 'month': 9, 'search_volume': 1000}, {'year': 2024, 'month': 8, 'search_volume': 720}, {'year': 2024, 'month': 7, 'search_volume': 880}], 'search_volume_trend': {'monthly': 0, 'quarterly': -12, 'yearly': 0}}",,,,"{'se_type': 'google', 'core_keyword': 'mortgage company in canada', 'synonym_clustering_algorithm': 'text_processing', 'keyword_difficulty': 50, 'detected_language': 'en', 'is_another_language': False}",,"{'se_type': 'google', 'backlinks': 33644.5, 'dofollow': 31221.1, 'referring_pages': 31492.2, 'referring_domains': 545.6, 'referring_main_domains': 505.7, 'rank': 271.8, 'main_domain_rank': 369.5, 'last_updated_time': '2024-10-02 15:13:16 +00:00'}","{'se_type': 'google', 'main_intent': 'navigational', 'foreign_intent': None, 'last_updated_time': '2023-03-07 02:07:18 +00:00'}",880.0,9.14,0.65,MEDIUM,"[{'year': 2025, 'month': 6, 'search_volume': 880}, {'year': 2025, 'month': 5, 'search_volume': 880}, {'year': 2025, 'month': 4, 'search_volume': 1000}, {'year': 2025, 'month': 3, 'search_volume': 1300}, {'year': 2025, 'month': 2, 'search_volume': 1000}, {'year': 2025, 'month': 1, 'search_volume': 1000}, {'year': 2024, 'month': 12, 'search_volume': 590}, {'year': 2024, 'month': 11, 'search_volume': 720}, {'year': 2024, 'month': 10, 'search_volume': 880}, {'year': 2024, 'month': 9, 'search_volume': 1000}, {'year': 2024, 'month': 8, 'search_volume': 720}, {'year': 2024, 'month': 7, 'search_volume': 880}]",suggestions_v2_mortgage canada,mortgage canada,,,,,,,,,,,,,,,,,,,,,,,"[10012, 10097, 11841, 12956, 12960, 13283, 13290]",50.0,navigational,,1,bank + companies + mortgage companies,Uncategorized,Medium,Phrase
google,mortgage insurance in canada,2124.0,en,"{'se_type': 'google', 'last_updated_time': '2025-07-13 02:40:56 +00:00', 'competition': 0.57, 'competition_level': 'MEDIUM', 'cpc': 6.23, 'search_volume': 880, 'low_top_of_page_bid': 1.81, 'high_top_of_page_bid': 7.13, 'categories': [10012, 10102, 10549], 'monthly_searches': [{'year': 2025, 'month': 6, 'search_volume': 720}, {'year': 2025, 'month': 5, 'search_volume': 720}, {'year': 2025, 'month': 4, 'search_volume': 720}, {'year': 2025, 'month': 3, 'search_volume': 880}, {'year': 2025, 'month': 2, 'search_volume': 880}, {'year': 2025, 'month': 1, 'search_volume': 1000}, {'year': 2024, 'month': 12, 'search_volume': 720}, {'year': 2024, 'month': 11, 'search_volume': 720}, {'year': 2024, 'month': 10, 'search_volume': 880}, {'year': 2024, 'month': 9, 'search_volume': 1300}, {'year': 2024, 'month': 8, 'search_volume': 720}, {'year': 2024, 'month': 7, 'search_volume': 720}], 'search_volume_trend': {'monthly': 0, 'quarterly': 0, 'yearly': -18}}",,,,"{'se_type': 'google', 'core_keyword': 'mortgage insurance canada', 'synonym_clustering_algorithm': 'text_processing', 'keyword_difficulty': 36, 'detected_language': 'en', 'is_another_language': False}",,"{'se_type': 'google', 'backlinks': 794.8, 'dofollow': 722.4, 'referring_pages': 728.7, 'referring_domains': 57.1, 'referring_main_domains': 47, 'rank': 229.7, 'main_domain_rank': 501, 'last_updated_time': '2025-06-12 07:28:53 +00:00'}","{'se_type': 'google', 'main_intent': 'navigational', 'foreign_intent': None, 'last_updated_time': '2023-03-07 02:07:22 +00:00'}",880.0,6.23,0.57,MEDIUM,"[{'year': 2025, 'month': 6, 'search_volume': 720}, {'year': 2025, 'month': 5, 'search_volume': 720}, {'year': 2025, 'month': 4, 'search_volume': 720}, {'year': 2025, 'month': 3, 'search_volume': 880}, {'year': 2025, 'month': 2, 'search_volume': 880}, {'year': 2025, 'month': 1, 'search_volume': 1000}, {'year': 2024, 'month': 12, 'search_volume': 720}, {'year': 2024, 'month': 11, 'search_volume': 720}, {'year': 2024, 'month': 10, 'search_volume': 880}, {'year': 2024, 'month': 9, 'search_volume': 1300}, {'year': 2024, 'month': 8, 'search_volume': 720}, {'year': 2024, 'month': 7, 'search_volume': 720}]",suggestions_v2_mortgage canada,mortgage canada,,,,,,,,,,,,,,,,,,,,,,,"[10012, 10102, 10549]",36.0,navigational,,0,mortgage insurance + insurance canada + insurance,Uncategorized,Medium,Phrase
google,canada mortgage companies,2124.0,en,"{'se_type': 'google', 'last_updated_time': '2025-07-10 18:54:49 +00:00', 'competition': 0.65, 'competition_level': 'MEDIUM', 'cpc': 9.14, 'search_volume': 880, 'low_top_of_page_bid': 2.71, 'high_top_of_page_bid': 11.87, 'categories': [10003, 10012, 10097, 11841, 12956, 13283], 'monthly_searches': [{'year': 2025, 'month': 6, 'search_volume': 880}, {'year': 2025, 'month': 5, 'search_volume': 880}, {'year': 2025, 'month': 4, 'search_volume': 1000}, {'year': 2025, 'month': 3, 'search_volume': 1300}, {'year': 2025, 'month': 2, 'search_volume': 1000}, {'year': 2025, 'month': 1, 'search_volume': 1000}, {'year': 2024, 'month': 12, 'search_volume': 590}, {'year': 2024, 'month': 11, 'search_volume': 720}, {'year': 2024, 'month': 10, 'search_volume': 880}, {'year': 2024, 'month': 9, 'search_volume': 1000}, {'year': 2024, 'month': 8, 'search_volume': 720}, {'year': 2024, 'month': 7, 'search_volume': 880}], 'search_volume_trend': {'monthly': 0, 'quarterly': -12, 'yearly': 0}}",,,,"{'se_type': 'google', 'core_keyword': 'mortgage company in canada', 'synonym_clustering_algorithm': 'text_processing', 'keyword_difficulty': 55, 'detected_language': 'en', 'is_another_language': False}",,"{'se_type': 'google', 'backlinks': 43725.3, 'dofollow': 41480.6, 'referring_pages': 41696.1, 'referring_domains': 621, 'referring_main_domains': 582.4, 'rank': 297.3, 'main_domain_rank': 356.6, 'last_updated_time': '2025-03-06 05:33:29 +00:00'}","{'se_type': 'google', 'main_intent': 'navigational', 'foreign_intent': None, 'last_updated_time': '2023-06-20 18:34:26 +00:00'}",880.0,9.14,0.65,MEDIUM,"[{'year': 2025, 'month': 6, 'search_volume': 880}, {'year': 2025, 'month': 5, 'search_volume': 880}, {'year': 2025, 'month': 4, 'search_volume': 1000}, {'year': 2025, 'month': 3, 'search_volume': 1300}, {'year': 2025, 'month': 2, 'search_volume': 1000}, {'year': 2025, 'month': 1, 'search_volume': 1000}, {'year': 2024, 'month': 12, 'search_volume': 590}, {'year': 2024, 'month': 11, 'search_volume': 720}, {'year': 2024, 'month': 10, 'search_volume': 880}, {'year': 2024, 'month': 9, 'search_volume': 1000}, {'year': 2024, 'month': 8, 'search_volume': 720}, {'year': 2024, 'month': 7, 'search_volume': 880}]",suggestions_v2_mortgage canada,mortgage canada,,,,,,,,,,,,,,,,,,,,,,,"[10003, 10012, 10097, 11841, 12956, 13283]",55.0,navigational,,1,bank + companies + mortgage companies,Uncategorized,Medium,Exact
google,mortgage loan insurance canada,2124.0,en,"{'se_type': 'google', 'last_updated_time': '2025-07-15 10:43:27 +00:00', 'competition': 0.57, 'competition_level': 'MEDIUM', 'cpc': 6.23, 'search_volume': 880, 'low_top_of_page_bid': 1.81, 'high_top_of_page_bid': 7.13, 'categories': [10003, 10012, 10102, 10549], 'monthly_searches': [{'year': 2025, 'month': 6, 'search_volume': 720}, {'year': 2025, 'month': 5, 'search_volume': 720}, {'year': 2025, 'month': 4, 'search_volume': 720}, {'year': 2025, 'month': 3, 'search_volume': 880}, {'year': 2025, 'month': 2, 'search_volume': 880}, {'year': 2025, 'month': 1, 'search_volume': 1000}, {'year': 2024, 'month': 12, 'search_volume': 720}, {'year': 2024, 'month': 11, 'search_volume': 720}, {'year': 2024, 'month': 10, 'search_volume': 880}, {'year': 2024, 'month': 9, 'search_volume': 1300}, {'year': 2024, 'month': 8, 'search_volume': 720}, {'year': 2024, 'month': 7, 'search_volume': 720}], 'search_volume_trend': {'monthly': 0, 'quarterly': 0, 'yearly': -18}}",,,,"{'se_type': 'google', 'core_keyword': 'canada mortgage loan insurance', 'synonym_clustering_algorithm': 'text_processing', 'keyword_difficulty': 44, 'detected_language': 'en', 'is_another_language': False}",,"{'se_type': 'google', 'backlinks': 1159.1, 'dofollow': 1040.7, 'referring_pages': 1056.9, 'referring_domains': 240.3, 'referring_main_domains': 223.9, 'rank': 243.4, 'main_domain_rank': 487.7, 'last_updated_time': '2025-07-20 12:23:06 +00:00'}","{'se_type': 'google', 'main_intent': 'navigational', 'foreign_intent': ['commercial'], 'last_updated_time': '2023-03-07 02:07:24 +00:00'}",880.0,6.23,0.57,MEDIUM,"[{'year': 2025, 'month': 6, 'search_volume': 720}, {'year': 2025, 'month': 5, 'search_volume': 720}, {'year': 2025, 'month': 4, 'search_volume': 720}, {'year': 2025, 'month': 3, 'search_volume': 880}, {'year': 2025, 'month': 2, 'search_volume': 880}, {'year': 2025, 'month': 1, 'search_volume': 1000}, {'year': 2024, 'month': 12, 'search_volume': 720}, {'year': 2024, 'month': 11, 'search_volume': 720}, {'year': 2024, 'month': 10, 'search_volume': 880}, {'year': 2024, 'month': 9, 'search_volume': 1300}, {'year': 2024, 'month': 8, 'search_volume': 720}, {'year': 2024, 'month': 7, 'search_volume': 720}]",suggestions_v2_mortgage canada,mortgage canada,,,,,,,,,,,,,,,,,,,,,,,"[10003, 10012, 10102, 10549]",44.0,navigational,['commercial'],8,loan + mortgage loan + loan insurance,Uncategorized,Medium,Phrase
google,mortgage company in canada,2124.0,en,"{'se_type': 'google', 'last_updated_time': '2025-07-13 11:37:31 +00:00', 'competition': 0.65, 'competition_level': 'MEDIUM', 'cpc': 9.14, 'search_volume': 880, 'low_top_of_page_bid': 2.71, 'high_top_of_page_bid': 11.87, 'categories': [10003], 'monthly_searches': [{'year': 2025, 'month': 6, 'search_volume': 880}, {'year': 2025, 'month': 5, 'search_volume': 880}, {'year': 2025, 'month': 4, 'search_volume': 1000}, {'year': 2025, 'month': 3, 'search_volume': 1300}, {'year': 2025, 'month': 2, 'search_volume': 1000}, {'year': 2025, 'month': 1, 'search_volume': 1000}, {'year': 2024, 'month': 12, 'search_volume': 590}, {'year': 2024, 'month': 11, 'search_volume': 720}, {'year': 2024, 'month': 10, 'search_volume': 880}, {'year': 2024, 'month': 9, 'search_volume': 1000}, {'year': 2024, 'month': 8, 'search_volume': 720}, {'year': 2024, 'month': 7, 'search_volume': 880}], 'search_volume_trend': {'monthly': 0, 'quarterly': -12, 'yearly': 0}}",,,,"{'se_type': 'google', 'core_keyword': None, 'synonym_clustering_algorithm': 'text_processing', 'keyword_difficulty': 56, 'detected_language': 'en', 'is_another_language': False}",,"{'se_type': 'google', 'backlinks': 40898.2, 'dofollow': 38179.6, 'referring_pages': 38445.9, 'referring_domains': 567.2, 'referring_main_domains': 524.5, 'rank': 311, 'main_domain_rank': 388.4, 'last_updated_time': '2024-11-11 01:19:13 +00:00'}","{'se_type': 'google', 'main_intent': 'navigational', 'foreign_intent': None, 'last_updated_time': '2023-03-07 02:07:18 +00:00'}",880.0,9.14,0.65,MEDIUM,"[{'year': 2025, 'month': 6, 'search_volume': 880}, {'year': 2025, 'month': 5, 'search_volume': 880}, {'year': 2025, 'month': 4, 'search_volume': 1000}, {'year': 2025, 'month': 3, 'search_volume': 1300}, {'year': 2025, 'month': 2, 'search_volume': 1000}, {'year': 2025, 'month': 1, 'search_volume': 1000}, {'year': 2024, 'month': 12, 'search_volume': 590}, {'year': 2024, 'month': 11, 'search_volume': 720}, {'year': 2024, 'month': 10, 'search_volume': 880}, {'year': 2024, 'month': 9, 'search_volume': 1000}, {'year': 2024, 'month': 8, 'search_volume': 720}, {'year': 2024, 'month': 7, 'search_volume': 880}]",suggestions_v2_mortgage canada,mortgage canada,,,,,,,,,,,,,,,,,,,,,,,[10003],56.0,navigational,,15,company canada + mortgage company + company,Uncategorized,Medium,Phrase
google,mortgage companies canada,2124.0,en,"{'se_type': 'google', 'last_updated_time': '2025-07-11 02:32:20 +00:00', 'competition': 0.65, 'competition_level': 'MEDIUM', 'cpc': 9.14, 'search_volume': 880, 'low_top_of_page_bid': 2.71, 'high_top_of_page_bid': 11.87, 'categories': [10012, 10097, 11841, 12960, 13290], 'monthly_searches': [{'year': 2025, 'month': 6, 'search_volume': 880}, {'year': 2025, 'month': 5, 'search_volume': 880}, {'year': 2025, 'month': 4, 'search_volume': 1000}, {'year': 2025, 'month': 3, 'search_volume': 1300}, {'year': 2025, 'month': 2, 'search_volume': 1000}, {'year': 2025, 'month': 1, 'search_volume': 1000}, {'year': 2024, 'month': 12, 'search_volume': 590}, {'year': 2024, 'month': 11, 'search_volume': 720}, {'year': 2024, 'month': 10, 'search_volume': 880}, {'year': 2024, 'month': 9, 'search_volume': 1000}, {'year': 2024, 'month': 8, 'search_volume': 720}, {'year': 2024, 'month': 7, 'search_volume': 880}], 'search_volume_trend': {'monthly': 0, 'quarterly': -12, 'yearly': 0}}",,,,"{'se_type': 'google', 'core_keyword': 'mortgage company in canada', 'synonym_clustering_algorithm': 'text_processing', 'keyword_difficulty': 52, 'detected_language': 'en', 'is_another_language': False}",,"{'se_type': 'google', 'backlinks': 45490.5, 'dofollow': 43676.9, 'referring_pages': 43877.3, 'referring_domains': 569.8, 'referring_main_domains': 532, 'rank': 301.8, 'main_domain_rank': 323.8, 'last_updated_time': '2025-06-11 02:11:03 +00:00'}","{'se_type': 'google', 'main_intent': 'navigational', 'foreign_intent': None, 'last_updated_time': '2023-03-07 02:07:18 +00:00'}",880.0,9.14,0.65,MEDIUM,"[{'year': 2025, 'month': 6, 'search_volume': 880}, {'year': 2025, 'month': 5, 'search_volume': 880}, {'year': 2025, 'month': 4, 'search_volume': 1000}, {'year': 2025, 'month': 3, 'search_volume': 1300}, {'year': 2025, 'month': 2, 'search_volume': 1000}, {'year': 2025, 'month': 1, 'search_volume': 1000}, {'year': 2024, 'month': 12, 'search_volume': 590}, {'year': 2024, 'month': 11, 'search_volume': 720}, {'year': 2024, 'month': 10, 'search_volume': 880}, {'year': 2024, 'month': 9, 'search_volume': 1000}, {'year': 2024, 'month': 8, 'search_volume': 720}, {'year': 2024, 'month': 7, 'search_volume': 880}]",suggestions_v2_mortgage canada,mortgage canada,,,,,,,,,,,,,,,,,,,,,,,"[10012, 10097, 11841, 12960, 13290]",52.0,navigational,,1,bank + companies + mortgage companies,Uncategorized,Medium,Exact
google,home mortgage calculator canada,2124.0,en,"{'se_type': 'google', 'last_updated_time': '2025-07-09 09:24:02 +00:00', 'competition': 0.69, 'competition_level': 'HIGH', 'cpc': 1.02, 'search_volume': 320, 'low_top_of_page_bid': 0.22, 'high_top_of_page_bid': 1.04, 'categories': [10012, 10097, 11841, 12960, 13289], 'monthly_searches': [{'year': 2025, 'month': 6, 'search_volume': 260}, {'year': 2025, 'month': 5, 'search_volume': 320}, {'year': 2025, 'month': 4, 'search_volume': 320}, {'year': 2025, 'month': 3, 'search_volume': 320}, {'year': 2025, 'month': 2, 'search_volume': 320}, {'year': 2025, 'month': 1, 'search_volume': 320}, {'year': 2024, 'month': 12, 'search_volume': 320}, {'year': 2024, 'month': 11, 'search_volume': 260}, {'year': 2024, 'month': 10, 'search_volume': 320}, {'year': 2024, 'month': 9, 'search_volume': 320}, {'year': 2024, 'month': 8, 'search_volume': 390}, {'year': 2024, 'month': 7, 'search_volume': 320}], 'search_volume_trend': {'monthly': -19, 'quarterly': -19, 'yearly': -19}}",,,,"{'se_type': 'google', 'core_keyword': None, 'synonym_clustering_algorithm': 'text_processing', 'keyword_difficulty': 60, 'detected_language': 'en', 'is_another_language': False}",,"{'se_type': 'google', 'backlinks': 46659, 'dofollow': 45344.6, 'referring_pages': 45525.9, 'referring_domains': 194.7, 'referring_main_domains': 186.4, 'rank': 340.7, 'main_domain_rank': 499, 'last_updated_time': '2025-08-03 11:35:58 +00:00'}","{'se_type': 'google', 'main_intent': 'navigational', 'foreign_intent': ['commercial'], 'last_updated_time': '2023-03-02 19:21:55 +00:00'}",320.0,1.02,0.69,HIGH,"[{'year': 2025, 'month': 6, 'search_volume': 260}, {'year': 2025, 'month': 5, 'search_volume': 320}, {'year': 2025, 'month': 4, 'search_volume': 320}, {'year': 2025, 'month': 3, 'search_volume': 320}, {'year': 2025, 'month': 2, 'search_volume': 320}, {'year': 2025, 'month': 1, 'search_volume': 320}, {'year': 2024, 'month': 12, 'search_volume': 320}, {'year': 2024, 'month': 11, 'search_volume': 260}, {'year': 2024, 'month': 10, 'search_volume': 320}, {'year': 2024, 'month': 9, 'search_volume': 320}, {'year': 2024, 'month': 8, 'search_volume': 390}, {'year': 2024, 'month': 7, 'search_volume': 320}]",suggestions_v2_Home mortgage canada,Home mortgage canada,,,,,,,,,,,,,,,,,,,,,,,"[10012, 10097, 11841, 12960, 13289]",60.0,navigational,['commercial'],13,home + home mortgage + mortgage calculator,Uncategorized,Medium,Phrase
google,canada home mortgage calculator,2124.0,en,"{'se_type': 'google', 'last_updated_time': '2025-07-17 03:57:46 +00:00', 'competition': 0.69, 'competition_level': 'HIGH', 'cpc': 1.02, 'search_volume': 320, 'low_top_of_page_bid': 0.22, 'high_top_of_page_bid': 1.04, 'categories': [10012, 10097, 11841, 12960, 13294], 'monthly_searches': [{'year': 2025, 'month': 6, 'search_volume': 260}, {'year': 2025, 'month': 5, 'search_volume': 320}, {'year': 2025, 'month': 4, 'search_volume': 320}, {'year': 2025, 'month': 3, 'search_volume': 320}, {'year': 2025, 'month': 2, 'search_volume': 320}, {'year': 2025, 'month': 1, 'search_volume': 320}, {'year': 2024, 'month': 12, 'search_volume': 320}, {'year': 2024, 'month': 11, 'search_volume': 260}, {'year': 2024, 'month': 10, 'search_volume': 320}, {'year': 2024, 'month': 9, 'search_volume': 320}, {'year': 2024, 'month': 8, 'search_volume': 390}, {'year': 2024, 'month': 7, 'search_volume': 320}], 'search_volume_trend': {'monthly': -19, 'quarterly': -19, 'yearly': -19}}",,,,"{'se_type': 'google', 'core_keyword': 'home mortgage calculator canada', 'synonym_clustering_algorithm': 'text_processing', 'keyword_difficulty': 60, 'detected_language': 'en', 'is_another_language': False}",,"{'se_type': 'google', 'backlinks': 44766, 'dofollow': 43515.9, 'referring_pages': 43699.6, 'referring_domains': 193.7, 'referring_main_domains': 185.4, 'rank': 340.6, 'main_domain_rank': 498.7, 'last_updated_time': '2025-07-17 09:21:38 +00:00'}","{'se_type': 'google', 'main_intent': 'navigational', 'foreign_intent': ['informational'], 'last_updated_time': '2023-09-04 00:17:21 +00:00'}",320.0,1.02,0.69,HIGH,"[{'year': 2025, 'month': 6, 'search_volume': 260}, {'year': 2025, 'month': 5, 'search_volume': 320}, {'year': 2025, 'month': 4, 'search_volume': 320}, {'year': 2025, 'month': 3, 'search_volume': 320}, {'year': 2025, 'month': 2, 'search_volume': 320}, {'year': 2025, 'month': 1, 'search_volume': 320}, {'year': 2024, 'month': 12, 'search_volume': 320}, {'year': 2024, 'month': 11, 'search_volume': 260}, {'year': 2024, 'month': 10, 'search_volume': 320}, {'year': 2024, 'month': 9, 'search_volume': 320}, {'year': 2024, 'month': 8, 'search_volume': 390}, {'year': 2024, 'month': 7, 'search_volume': 320}]",suggestions_v2_Home mortgage canada,Home mortgage canada,,,,,,,,,,,,,,,,,,,,,,,"[10012, 10097, 11841, 12960, 13294]",60.0,navigational,['informational'],13,home + home mortgage + mortgage calculator,Uncategorized,Medium,Phrase
google,mobile home mortgage calculator canada,2124.0,en,"{'se_type': 'google', 'last_updated_time': '2025-07-12 11:25:33 +00:00', 'competition': 0.73, 'competition_level': 'HIGH', 'cpc': 1.98, 'search_volume': 70, 'low_top_of_page_bid': 0.28, 'high_top_of_page_bid': 2.44, 'categories': [10003, 10042, 13689], 'monthly_searches': [{'year': 2025, 'month': 6, 'search_volume': 30}, {'year': 2025, 'month': 5, 'search_volume': 50}, {'year': 2025, 'month': 4, 'search_volume': 20}, {'year': 2025, 'month': 3, 'search_volume': 40}, {'year': 2025, 'month': 2, 'search_volume': 70}, {'year': 2025, 'month': 1, 'search_volume': 70}, {'year': 2024, 'month': 12, 'search_volume': 40}, {'year': 2024, 'month': 11, 'search_volume': 50}, {'year': 2024, 'month': 10, 'search_volume': 70}, {'year': 2024, 'month': 9, 'search_volume': 90}, {'year': 2024, 'month': 8, 'search_volume': 70}, {'year': 2024, 'month': 7, 'search_volume': 110}], 'search_volume_trend': {'monthly': -40, 'quarterly': 50, 'yearly': -73}}",,,,"{'se_type': 'google', 'core_keyword': None, 'synonym_clustering_algorithm': None, 'keyword_difficulty': 43, 'detected_language': 'en', 'is_another_language': False}",,"{'se_type': 'google', 'backlinks': 48070.9, 'dofollow': 47521.5, 'referring_pages': 47548.2, 'referring_domains': 60.9, 'referring_main_domains': 54.6, 'rank': 266.4, 'main_domain_rank': 453.6, 'last_updated_time': '2025-06-29 02:49:17 +00:00'}","{'se_type': 'google', 'main_intent': 'navigational', 'foreign_intent': ['commercial'], 'last_updated_time': '2023-03-07 01:44:39 +00:00'}",70.0,1.98,0.73,HIGH,"[{'year': 2025, 'month': 6, 'search_volume': 30}, {'year': 2025, 'month': 5, 'search_volume': 50}, {'year': 2025, 'month': 4, 'search_volume': 20}, {'year': 2025, 'month': 3, 'search_volume': 40}, {'year': 2025, 'month': 2, 'search_volume': 70}, {'year': 2025, 'month': 1, 'search_volume': 70}, {'year': 2024, 'month': 12, 'search_volume': 40}, {'year': 2024, 'month': 11, 'search_volume': 50}, {'year': 2024, 'month': 10, 'search_volume': 70}, {'year': 2024, 'month': 9, 'search_volume': 90}, {'year': 2024, 'month': 8, 'search_volume': 70}, {'year': 2024, 'month': 7, 'search_volume': 110}]",suggestions_v2_Home mortgage canada,Home mortgage canada,,,,,,,,,,,,,,,,,,,,,,,"[10003, 10042, 13689]",43.0,navigational,['commercial'],13,home + home mortgage + mortgage calculator,Uncategorized,Medium,Phrase
