keyword,search_volume,trend_monthly,cpc,competitor_domain
mortgage rates june 2025,90,1900,1.7200000286102295,www.truenorthmortgage.ca
will interest rates go down in july,40,400,3.650000095367432,www.nesto.ca
bns ofi pad,110,300,0.0,www.scotiabank.com
atm saskatoon,70,250,3.5899999141693115,www.td.com
0 down car financing near me,170,233,10.010000228881836,www.cibc.com
best mortgage brokers surrey,140,200,12.770000457763672,www.truenorthmortgage.ca
best mortgage broker surrey,140,200,12.770000457763672,www.truenorthmortgage.ca
best mortgage broker in surrey bc,140,200,12.770000457763672,www.truenorthmortgage.ca
best mortgage broker in surrey,140,200,12.770000457763672,www.truenorthmortgage.ca
cibc atm near me open,320,181,0.5299999713897705,www.cibc.com
banque de montréal québec,140,180,0.800000011920929,www.bmo.com
480 hespeler road cambridge,110,180,0.0,www.rbcroyalbank.com
mortgage brokers london on,170,150,0.0,www.truenorthmortgage.ca
mortgage broker london on,170,150,0.0,www.truenorthmortgage.ca
anique asher,210,133,0.0,www.scotiabank.com
broadway and macdonald,170,133,0.209999993443489,www.rbcroyalbank.com
car loan zero down payment,110,126,0.0,www.cibc.com
auto loan zero down payment,110,126,0.0,www.cibc.com
car loan with 0 down payment,110,126,0.0,www.cibc.com
0 down payment auto loan,110,126,0.0,www.cibc.com
0 down payment car loan,110,126,0.0,www.cibc.com
car loan with zero down payment,110,126,0.0,www.cibc.com
car loan on zero down payment,110,126,0.0,www.cibc.com
annual fee rebate meaning,110,125,0.0,www.cibc.com
cash back credit card,4400,124,5.360000133514404,www.cibc.com
cashback from credit card,4400,124,5.360000133514404,www.cibc.com
cash back credit cards,4400,124,5.360000133514404,www.cibc.com
cash back in credit card,4400,124,5.360000133514404,www.cibc.com
credit cards money back,4400,124,5.360000133514404,www.nerdwallet.com
cash back cards,4400,124,5.360000133514404,www.nerdwallet.com
credit card with cashback rewards,4400,124,5.360000133514404,www.nerdwallet.com
cash rewards credit cards,4400,124,5.360000133514404,www.nerdwallet.com
auto loans 0 down,260,120,12.75,www.cibc.com
0 down car loan,260,120,12.75,www.cibc.com
can't sign into scotiabank app,70,120,6.110000133514404,www.scotiabank.com
auto loan for new immigrants,170,120,0.0,www.rbcroyalbank.com
car loans zero down,260,120,12.75,www.cibc.com
0 down financing car,260,120,12.75,www.cibc.com
0 down finance car,260,120,12.75,www.cibc.com
0 down car loans,260,120,12.75,www.cibc.com
car financing zero down,260,120,12.75,www.cibc.com
auto financing 0 down,260,120,12.75,www.cibc.com
is interest rate going down in canada,90,120,1.2000000476837158,www.nesto.ca
0 down car financing,260,120,12.75,www.cibc.com
car loan zero down,260,120,12.75,www.cibc.com
auto loan 0 down,260,120,12.75,www.cibc.com
car loans 0 down,260,120,12.75,www.cibc.com
car loan 0 down,260,120,12.75,www.cibc.com
action cibc dividende,70,100,0.0,www.cibc.com
best exchange rates cad to usd near me,50,100,2.299999952316284,www.td.com
free hold property meaning,50,100,0.0,wowa.ca
2300 steeles avenue west td,70,100,0.0,www.td.com
10 gram silver price in canada today,90,100,0.6000000238418579,www.td.com
bns standing orders scotiabank meaning,90,100,0.0,www.scotiabank.com
bank of montreal yorkgate mall,90,100,2.130000114440918,www.bmo.com
4-year presidential cycle stock market,210,100,0.0,www.bmo.com
4 year presidential cycle stock market,210,100,0.0,www.bmo.com
cibc assurepay,70,100,0.0,www.cibc.com
cibc annual report 2023,70,100,0.0,www.cibc.com
best home insurance deals,110,100,9.789999961853027,www.ratehub.ca
best house insurance deals,110,100,9.789999961853027,www.ratehub.ca
avion insurance coverage,90,100,1.5099999904632568,www.rbcroyalbank.com
when will prime rate go down,40,100,0.0,www.truenorthmortgage.ca
aeroplan miles to dollars,90,100,0.0,www.ratehub.ca
bank of canada rate vs prime rate,70,100,0.0,www.ratehub.ca
bank of canada rate vs prime rate,70,100,0.0,www.truenorthmortgage.ca
can you e transfer from credit card,170,91,0.0,www.scotiabank.com
best hisa in canada,90,91,5.150000095367432,www.nerdwallet.com
bank of montreal byron,140,89,0.6100000143051147,www.bmo.com
4 types of mutual funds,140,89,3.490000009536743,www.td.com
bank of montreal guelph hours,90,89,0.0,www.bmo.com
bank of montreal winnipeg branches,90,89,0.3899999856948852,www.bmo.com
bmo assurance conseiller,110,89,5.480000019073486,www.bmo.com
payment frequency,90,89,0.0,www.nesto.ca
markham mortgage brokers,210,88,6.150000095367432,www.truenorthmortgage.ca
mortgage agent markham,210,88,6.150000095367432,www.truenorthmortgage.ca
mortgage broker in markham,210,88,6.150000095367432,www.truenorthmortgage.ca
mortgage broker markham,210,88,6.150000095367432,www.truenorthmortgage.ca
mortgage broker markham ontario,210,88,6.150000095367432,www.truenorthmortgage.ca
mortgage brokers markham,210,88,6.150000095367432,www.truenorthmortgage.ca
markham mortgage broker,210,88,6.150000095367432,www.truenorthmortgage.ca
mortgage brokers in markham,210,88,6.150000095367432,www.truenorthmortgage.ca
bank of montreal ottawa locations,260,88,4.099999904632568,www.bmo.com
bank of nova scotia vancouver branches,210,86,0.5,www.scotiabank.com
auto lending,90,86,8.760000228881836,www.scotiabank.com
bank of nova scotia vancouver locations,210,86,0.5,www.scotiabank.com
cars on zero down payment,210,85,7.409999847412109,www.cibc.com
cars zero down payment,210,85,7.409999847412109,www.cibc.com
cibc auto loan phone number,390,83,2.2799999713897705,www.cibc.com
bmo bank customer service,720,81,5.090000152587891,www.bmo.com
atm ottawa,50,80,0.0,www.td.com
cibc ac conversion card,110,80,6.519999980926514,www.cibc.com
cibc air canada conversion card,110,80,6.519999980926514,www.cibc.com
benefits of avion visa card,110,80,0.7099999785423279,www.rbcroyalbank.com
cibc airport and queen,90,80,6.659999847412109,www.cibc.com
how to get low rate mortgage,70,80,2.9100000858306885,www.truenorthmortgage.ca
how to get lowest mortgage rate,70,80,2.9100000858306885,www.truenorthmortgage.ca
how to get the lowest mortgage rate,70,80,2.9100000858306885,www.truenorthmortgage.ca
3 month interest penalty calculator,70,80,0.8399999737739563,www.ratehub.ca
true north mortgage toronto,70,80,2.0399999618530273,www.truenorthmortgage.ca
3 months interest penalty calculator,70,80,0.8399999737739563,www.ratehub.ca
how often does bank of canada change interest rates,110,80,0.1599999964237213,www.nesto.ca
bank account near me,90,80,17.719999313354492,www.rbcroyalbank.com
can i deposit money at an atm,70,80,0.0,www.scotiabank.com
oakville mortgage,70,80,5.389999866485596,www.truenorthmortgage.ca
can i use my rbc debit card internationally,70,80,0.0,www.rbcroyalbank.com
mortgages oakville,70,80,5.389999866485596,www.truenorthmortgage.ca
mortgage oakville,70,80,5.389999866485596,www.truenorthmortgage.ca
how often does bank of canada change interest rate,110,80,0.1599999964237213,www.nesto.ca
alberta mortgage calculator rbc,50,75,1.2799999713897705,www.rbcroyalbank.com
will housing prices drop in 2025,90,75,0.0,www.truenorthmortgage.ca
bmo alerts email,110,75,0.0,www.bmo.com
bmo announces cash distributions,70,75,0.0,www.bmo.com
brandon rbc,70,75,0.5099999904632568,www.rbcroyalbank.com
bank of nova scotia mortgage centre,50,75,3.200000047683716,www.scotiabank.com
bmo air miles rewards,70,75,5.050000190734863,www.bmo.com
can you e transfer usd in canada,70,75,0.0,www.scotiabank.com
can't login to scotiabank app,140,75,4.619999885559082,www.scotiabank.com
5 year variable mortgage rates ontario,70,75,1.1399999856948853,www.rbcroyalbank.com
assurance voyage rbc visa,70,75,2.5399999618530273,www.rbcroyalbank.com
bank of montreal holidays,90,75,0.0,www.bmo.com
acheter argent,70,75,2.4000000953674316,www.td.com
bank of montreal holiday hours,260,75,0.0,www.bmo.com
can i use my cibc credit card outside canada,110,75,0.0,www.cibc.com
5-year variable mortgage rates ontario,70,75,1.1399999856948853,www.ratehub.ca
can i deposit us dollars in canadian atm rbc,90,75,0.0,www.rbcroyalbank.com
cibc 24 hour number,90,67,2.309999942779541,www.cibc.com
6 month open mortgage rates,70,67,2.119999885559082,www.scotiabank.com
best exchange rate cad to euro near me,50,67,1.1399999856948853,www.scotiabank.com
will canadian interest rates go down,40,67,0.0299999993294477,www.nesto.ca
banks in brandon fl,70,67,3.2699999809265137,www.td.com
3985 highway 7 east,50,67,0.0,www.rbcroyalbank.com
best self directed investment account canada,70,67,12.380000114440918,www.td.com
cibc 2 year fixed mortgage rate,70,67,0.5,www.cibc.com
6-month open mortgage rates,70,67,2.119999885559082,www.scotiabank.com
costs for inground pool,720,60,3.639999866485596,www.nerdwallet.com
best mortgage rates in canada right now,70,57,2.950000047683716,www.ratehub.ca
bmo appraisal fee,70,57,0.0,www.bmo.com
appraisal fees mortgage,90,57,0.0,www.nesto.ca
bns online internet banking jamaica,90,57,0.0199999995529651,www.scotiabank.com
car loan rates winnipeg,70,57,2.25,www.cibc.com
best redeemable gic rates canada,110,57,2.200000047683716,wowa.ca
ird penalty calculator,140,57,0.0,www.nesto.ca
appraisal fees mortgage,90,57,0.0,www.nerdwallet.com
bank of montreal langley hours,70,57,0.0700000002980232,www.bmo.com
best 2-year gic rates canada,140,57,2.559999942779541,www.ratehub.ca
bank of montreal roper road,90,57,3.5899999141693115,www.bmo.com
bank of montreal open tomorrow,110,57,0.5,www.bmo.com
best 2 year gic rates canada,140,57,2.559999942779541,www.ratehub.ca
3300 highway 7 rbc,70,57,0.0,www.rbcroyalbank.com
10 ounce of silver worth,110,57,0.6899999976158142,www.td.com
10 oz silver value,110,57,0.6899999976158142,www.td.com
average mortgage rate montreal,110,57,1.2100000381469729,www.td.com
bank nova scotia online banking jamaica,90,57,0.0199999995529651,www.scotiabank.com
bloor and lansdowne bmo,70,57,0.0199999995529651,www.bmo.com
real estate forecast next 5 years,140,56,1.340000033378601,www.truenorthmortgage.ca
real estate forecast for next five years,140,56,1.340000033378601,www.truenorthmortgage.ca
online mortgage,110,56,18.309999465942383,www.truenorthmortgage.ca
chase sapphire reserve vs preferred,110,56,0.0,www.nerdwallet.com
best mortgage rates right now,110,56,2.6100001335144043,www.cibc.com
broker in stock market,70,56,21.709999084472656,www.td.com
mortgage brokers sault ste marie,140,56,11.399999618530272,www.truenorthmortgage.ca
best mortgage rates right now,110,56,2.6100001335144043,www.truenorthmortgage.ca
broker for stock market,70,56,21.709999084472656,www.td.com
online mortgage,110,56,18.309999465942383,www.nesto.ca
cheapest loans,110,56,8.960000038146973,www.rbcroyalbank.com
broker for share market,70,56,21.709999084472656,www.nerdwallet.com
online mortgages,110,56,18.309999465942383,www.nesto.ca
brokers in stock market,70,56,21.709999084472656,www.td.com
cheapest loan,110,56,8.960000038146973,www.rbcroyalbank.com
mortgage broker sault ste marie,140,56,11.399999618530272,www.truenorthmortgage.ca
mortgage lenders online,110,56,18.309999465942383,www.truenorthmortgage.ca
brokers of stock market,70,56,21.709999084472656,www.nerdwallet.com
mortgage broker milton,110,56,8.649999618530273,www.truenorthmortgage.ca
mortgage brokers in sault ste marie,140,56,11.399999618530272,www.truenorthmortgage.ca
mortgage lender online,110,56,18.309999465942383,www.nesto.ca
mortgage broker milton ontario,110,56,8.649999618530273,www.truenorthmortgage.ca
cibc airdrie main street,90,56,0.949999988079071,www.cibc.com
best student car insurance,70,56,35.04999923706055,www.ratehub.ca
best auto insurance for students,70,56,35.04999923706055,www.ratehub.ca
brokers for stock market,70,56,21.709999084472656,www.nerdwallet.com
mortgage lenders online,110,56,18.309999465942383,www.nesto.ca
broker stock market,70,56,21.709999084472656,www.td.com
mortgage loans online,110,56,18.309999465942383,www.nesto.ca
bmo atm deposit,90,56,0.050000000745058,www.bmo.com
chase sapphire preferred vs reserve,110,56,0.0,www.nerdwallet.com
20000 loan,140,55,9.869999885559082,www.scotiabank.com
auto loan service,210,55,8.460000038146973,www.scotiabank.com
bank of montreal brentwood calgary,140,55,2.25,www.bmo.com
auto loan services,210,55,8.460000038146973,www.scotiabank.com
atm royal bank near me,140,55,0.3899999856948852,www.rbcroyalbank.com
cibc atm calgary,140,55,0.6899999976158142,www.cibc.com
bank of montreal surrey central,110,55,4.489999771118164,www.bmo.com
buy certificate of deposit online,140,55,0.6200000047683716,www.cibc.com
9919 fairmount dr se,140,55,0.0,www.rbcroyalbank.com
9919 fairmount drive se,140,55,0.0,www.rbcroyalbank.com
business credit card for new business,90,55,27.90999984741211,www.cibc.com
bank of montreal hanover ontario,210,53,2.5299999713897705,www.bmo.com
bank of montreal hanover,210,53,2.5299999713897705,www.bmo.com
bank of montreal elora,210,53,1.899999976158142,www.bmo.com
cibc atm open,590,53,0.3600000143051147,www.cibc.com
london mortgage broker,210,53,14.829999923706056,www.truenorthmortgage.ca
london mortgage brokers,210,53,14.829999923706056,www.truenorthmortgage.ca
mortgage brokers in london,210,53,14.829999923706056,www.truenorthmortgage.ca
mortgage companies in london,210,53,14.829999923706056,www.truenorthmortgage.ca
3 digit telephone banking password cibc,210,53,0.0,www.cibc.com
mortgage brokers london,210,53,14.829999923706056,www.truenorthmortgage.ca
66 wellington street west toronto td,260,53,0.0,www.td.com
mortgage advisors in london,210,53,14.829999923706056,www.truenorthmortgage.ca
bank montreal online banking,170,53,5.099999904632568,www.bmo.com
mortgage broker london,210,53,14.829999923706056,www.truenorthmortgage.ca
mortgage agent london,210,53,14.829999923706056,www.truenorthmortgage.ca
mortgage broker in london,210,53,14.829999923706056,www.truenorthmortgage.ca
true north mortgage calgary,260,52,5.260000228881836,www.truenorthmortgage.ca
mortgage brokers coquitlam,210,52,7.75,www.truenorthmortgage.ca
mortgage broker coquitlam,210,52,7.75,www.truenorthmortgage.ca
coquitlam mortgage broker,210,52,7.75,www.truenorthmortgage.ca
ai scams,210,52,4.130000114440918,www.scotiabank.com
3-year fixed rate mortgage canada,320,52,1.559999942779541,www.scotiabank.com
bank of nova scotia calgary ab,320,52,1.75,www.scotiabank.com
3 year mortgage rates canada,320,52,1.559999942779541,wowa.ca
atm 24 hours,390,52,0.0299999993294477,www.rbcroyalbank.com
atm machine 24 hours,390,52,0.0299999993294477,www.rbcroyalbank.com
bank of montreal corner brook,480,51,2.680000066757202,www.bmo.com
best credit cards for cash back,260,50,5.929999828338623,www.nerdwallet.com
21 bmo login,50,50,0.0,www.bmo.com
3-year fixed mortgage rates alberta,70,50,1.2899999618530271,wowa.ca
check credit score rbc app,110,50,4.25,www.rbcroyalbank.com
21bmo login,70,50,0.0,www.bmo.com
mortgage rate reduction,70,50,1.5,www.nesto.ca
best mortgage brokers vancouver,170,50,12.5600004196167,wowa.ca
3 year fixed mortgage rates alberta,70,50,1.2899999618530271,wowa.ca
cibc atm edmonton locations,140,50,0.4699999988079071,www.cibc.com
cibc atm deposit near me,210,50,0.5699999928474426,www.cibc.com
black banks,210,50,0.0,www.nerdwallet.com
best credit card for cash back,260,50,5.929999828338623,www.nerdwallet.com
mortgage broker chilliwack bc,260,50,14.229999542236328,www.truenorthmortgage.ca
banking scams,210,50,9.029999732971191,www.scotiabank.com
best mortgage brokers vancouver,170,50,12.5600004196167,www.truenorthmortgage.ca
best mortgage brokers in canada,110,50,10.789999961853027,www.ratehub.ca
bank of nova scotia vernon bc,170,50,2.5899999141693115,www.scotiabank.com
mortgage brokers chilliwack,260,50,14.229999542236328,www.truenorthmortgage.ca
best mortgage broker vancouver,170,50,12.5600004196167,www.truenorthmortgage.ca
2501 third line oakville,210,50,0.0,www.rbcroyalbank.com
bns dividend record date,1000,50,0.6100000143051147,www.scotiabank.com
bns ex dividend date,1000,50,0.6100000143051147,www.scotiabank.com
bns ex dividend date 2025,320,50,0.0,www.scotiabank.com
bns jobs,30,50,0.7200000286102295,www.scotiabank.com
rate reduction mortgage,70,50,1.5,www.truenorthmortgage.ca
mortgage brokers chilliwack bc,260,50,14.229999542236328,www.truenorthmortgage.ca
bns tsx dividend,320,50,0.0,www.scotiabank.com
boat finance canada,320,50,6.099999904632568,www.scotiabank.com
boat loans canada,320,50,6.099999904632568,www.scotiabank.com
canada 5000 loan,170,50,10.390000343322754,www.scotiabank.com
mortgage calgary,320,50,14.770000457763672,www.truenorthmortgage.ca
20 king st,140,50,0.0,www.rbcroyalbank.com
best mortgage broker in canada,110,50,10.789999961853027,www.ratehub.ca
20 king street,140,50,0.0,www.rbcroyalbank.com
bmo atm near me open now,260,50,0.3100000023841858,www.bmo.com
bank of nova scotia ex dividend date,1000,50,0.6100000143051147,www.scotiabank.com
bank of nova scotia dividend dates,1000,50,0.6100000143051147,www.scotiabank.com
bank of nova scotia dividend date,1000,50,0.6100000143051147,www.scotiabank.com
housing market predictions for next 5 years canada,70,50,0.0,www.truenorthmortgage.ca
can you deposit cash into an atm rbc,70,50,0.0,www.rbcroyalbank.com
chilliwack mortgage brokers,260,50,14.229999542236328,www.truenorthmortgage.ca
mortgage broker chilliwack,260,50,14.229999542236328,www.truenorthmortgage.ca
home mortgages calgary,320,50,14.770000457763672,www.truenorthmortgage.ca
canada toronto housing market,12100,49,1.9700000286102295,wowa.ca
canada pro/pro deposit,1300,48,0.0,www.nerdwallet.com
halal mortgage,1900,48,1.670000076293945,www.truenorthmortgage.ca
credit card vs debit card security,590,46,0.0,www.nerdwallet.com
credit vs debit card security,590,46,0.0,www.nerdwallet.com
best bank for new immigrants canada,70,40,9.56999969482422,www.cibc.com
best bank in canada for new immigrants,70,40,9.56999969482422,www.cibc.com
cibc 130th ave,70,40,3.0799999237060547,www.cibc.com
cibc 130 ave,70,40,3.0799999237060547,www.cibc.com
how much penalty to break fixed mortgage,90,40,0.0,www.truenorthmortgage.ca
argent 999 prix,70,40,0.6499999761581421,www.td.com
mortgage broker richmond,90,40,9.350000381469728,www.truenorthmortgage.ca
best dividend yielding etfs,70,40,2.509999990463257,www.nerdwallet.com
auto finance offers,70,40,6.809999942779541,www.td.com
balance checkbook,90,40,0.0,www.td.com
banquenet td ouverture session,70,40,0.0,www.td.com
budgeting money app,70,40,4.880000114440918,www.nerdwallet.com
best investment sites,140,40,8.579999923706055,www.nerdwallet.com
best investments sites,140,40,8.579999923706055,www.nerdwallet.com
best no fee visa card canada,70,40,7.460000038146973,www.nerdwallet.com
best rewards credit card canada no annual fee,90,40,5.690000057220459,www.nerdwallet.com
best td bank credit card,70,40,1.2699999809265137,www.td.com
cash back mortgages in canada,70,40,3.0199999809265137,www.truenorthmortgage.ca
best tfsa in canada,70,40,5.829999923706055,www.nerdwallet.com
best time to book car hire,70,40,3.2899999618530273,www.nerdwallet.com
average loan interest rate canada,70,40,7.449999809265137,www.cibc.com
best 1 year mortgage rates canada,110,40,2.009999990463257,www.truenorthmortgage.ca
best time to book car rental,70,40,3.2899999618530273,www.nerdwallet.com
banque cibc succursale québec,70,40,0.3100000023841858,www.cibc.com
best td credit card for travel,70,40,1.2000000476837158,www.td.com
book td appointment online,70,40,1.0299999713897705,www.td.com
barrie cibc,70,40,1.0499999523162842,www.cibc.com
best 1-year mortgage rates canada,110,40,2.009999990463257,www.truenorthmortgage.ca
bank of montreal in florida,110,40,0.0,www.bmo.com
752 credit score canada,70,40,0.0,www.td.com
100000 loan,70,40,7.670000076293945,www.scotiabank.com
bank of nova scotia thunder bay,70,40,1.440000057220459,www.scotiabank.com
5 cash back credit card,70,40,3.6700000762939458,www.nerdwallet.com
5 cash back cards,70,40,3.6700000762939458,www.nerdwallet.com
are bmo atms open 24 7,70,40,0.0,www.bmo.com
are bmo atms open 24/7,70,40,0.0,www.bmo.com
bank account for newcomers canada,70,40,7.46999979019165,www.bmo.com
bank of america scotiabank,70,40,0.0,www.scotiabank.com
bank of montreal branches open on saturday,70,40,0.75,www.bmo.com
10000 personal loan,70,40,11.59000015258789,www.scotiabank.com
bank of nova scotia waterloo,90,40,4.590000152587891,www.scotiabank.com
bmo bank lethbridge,70,40,7.650000095367432,www.bmo.com
bmo artificial intelligence,50,40,0.0,www.bmo.com
bmo all in one etf,70,40,3.4700000286102295,www.bmo.com
bank of montreal grand bend,70,40,1.319999933242798,www.bmo.com
bmo ai,50,40,0.0,www.bmo.com
bank sign up bonus canada,70,40,13.539999961853027,www.bmo.com
bank of montreal hazeldean road,90,40,0.0700000002980232,www.bmo.com
bank of montreal nova scotia,70,40,5.579999923706055,www.bmo.com
10 year gic,70,40,2.5799999237060547,www.bmo.com
bank of nova scotia windsor,70,40,2.549999952316284,www.scotiabank.com
cibc aeroplan student,70,40,8.050000190734863,www.cibc.com
canadian bank statement,70,40,0.8600000143051147,www.scotiabank.com
693 credit score,70,40,0.0,www.td.com
mortgage calculator for renewal,70,40,0.9200000166893004,www.truenorthmortgage.ca
100 oz silver price canada,90,40,0.7900000214576721,www.td.com
best canadian bank credit card,70,40,11.170000076293944,www.nerdwallet.com
1/10 oz gold maple leaf coin,70,40,2.1500000953674316,www.td.com
1 troy ounce 999 fine silver value canada,90,40,1.0499999523162842,www.td.com
bank of montreal niagara falls hours,70,40,0.0,www.bmo.com
best budget planner,90,40,1.6200000047683716,www.nerdwallet.com
canada bank statement,70,40,0.8600000143051147,www.scotiabank.com
bank statement canada,70,40,0.8600000143051147,www.scotiabank.com
cibc aventura card benefits,90,40,0.8500000238418579,www.cibc.com
cibc aventura gold lounge access,70,40,0.5600000023841858,www.cibc.com
can i use my scotiabank credit card internationally,90,40,3.0,www.scotiabank.com
call scotiabank visa,70,40,0.5799999833106995,www.scotiabank.com
nesto logo,70,40,0.0,www.nesto.ca
bns stock dividend date,110,40,0.0,www.scotiabank.com
prix immobilier,50,40,2.700000047683716,www.nesto.ca
safest neighborhoods in montreal,70,40,0.2599999904632568,www.nesto.ca
1 oz d'or,70,40,1.8399999141693115,www.td.com
bank of montreal peterborough hours,70,40,0.0,www.bmo.com
canada bank prime rate today,110,40,0.9200000166893004,www.ratehub.ca
best 1 year mortgage rates canada,110,40,2.009999990463257,www.ratehub.ca
current mortgage rates pei,70,40,1.3799999952316284,wowa.ca
7675 markham rd,50,40,0.0,www.rbcroyalbank.com
canadian buy house in usa,110,40,4.710000038146973,wowa.ca
cash back mortgages in canada,70,40,3.0199999809265137,www.rbcroyalbank.com
bc prime lending rate,90,40,0.0,www.ratehub.ca
canadian buying a home in usa,110,40,4.710000038146973,wowa.ca
amortization period mortgage,90,40,0.0,www.rbcroyalbank.com
cash back mortgages canada,70,40,3.0199999809265137,www.rbcroyalbank.com
cash back mortgage canada,70,40,3.0199999809265137,www.rbcroyalbank.com
annuler virement interac rbc,90,40,0.0,www.rbcroyalbank.com
best 1-year mortgage rates canada,110,40,2.009999990463257,www.ratehub.ca
3 years fixed mortgage rate rbc,110,40,1.1299999952316284,www.rbcroyalbank.com
cash advance de fonds,110,40,0.0,www.rbcroyalbank.com
carte de credit rbc avion,70,40,2.3499999046325684,www.rbcroyalbank.com
canadians buying homes in the us,110,40,4.710000038146973,wowa.ca
freehold ownership meaning,70,40,0.0,wowa.ca
estoppel certificate ontario,50,40,0.0,wowa.ca
assurance voyage visa infinite,90,40,0.8600000143051147,www.rbcroyalbank.com
capital gains tax quebec calculator,70,40,0.7099999785423279,wowa.ca
atm usd near me,70,40,0.25,www.rbcroyalbank.com
best cards for airport lounge access,70,40,12.550000190734863,www.ratehub.ca
avion trip cancellation insurance,90,40,0.0,www.rbcroyalbank.com
3-year fixed mortgage rates rbc,110,40,1.1299999952316284,www.rbcroyalbank.com
chattel mortgage rates canada,70,40,3.7899999618530273,www.rbcroyalbank.com
3 year fixed mortgage rates rbc,110,40,1.1299999952316284,www.rbcroyalbank.com
1020 ottawa street north kitchener on,90,40,0.0299999993294477,www.rbcroyalbank.com
1-year cashable gic,70,40,2.140000104904175,www.rbcroyalbank.com
bic swift code rbc,70,40,0.0,www.rbcroyalbank.com
best credit unions in toronto,70,40,6.699999809265137,wowa.ca
buyers market vs sellers market,70,40,0.0199999995529651,www.rbcroyalbank.com
bi weekly accelerated mortgage,90,40,0.0,www.rbcroyalbank.com
best credit unions toronto,70,40,6.699999809265137,wowa.ca
best travel rewards,50,40,6.550000190734863,www.ratehub.ca
check your other device with rbc mobile installed,70,40,0.0,www.rbcroyalbank.com
canada cash back mortgage,70,40,3.0199999809265137,www.rbcroyalbank.com
average cost of house in edmonton,70,40,2.630000114440918,wowa.ca
2855 pembina hwy winnipeg mb,70,40,0.0,www.rbcroyalbank.com
acconversion,170,40,0.0,www.cibc.com
best mortgage rates now,70,40,2.440000057220459,www.ratehub.ca
best mortgages rates ontario,70,40,2.990000009536743,www.ratehub.ca
aeroplan dollar value,70,40,0.0,www.ratehub.ca
can i get line of credit on work permit,70,40,8.579999923706055,www.rbcroyalbank.com
car 0 down payment,320,39,11.199999809265137,www.cibc.com
best resp plans canada,70,33,8.760000228881836,www.ratehub.ca
bank of canada interest rates 2022,70,33,0.0,wowa.ca
cibc aeroplan offer,50,33,0.75,www.cibc.com
1025 w georgia st vancouver bc v6e 3n9,70,33,0.0,www.rbcroyalbank.com
cibc aeroplan offers,50,33,0.75,www.cibc.com
cibc aeroplan offers,50,33,0.75,www.cibc.com
bank of canada interest rate 2022,70,33,0.0,wowa.ca
best resp plan in canada,70,33,8.760000228881836,www.ratehub.ca
bank of canada interest rate 2020,90,33,0.0,wowa.ca
cibc aeroplan login,70,33,0.1299999952316284,www.cibc.com
best reward points card,70,33,5.970000267028809,www.nerdwallet.com
1 year fixed mortgage rates scotiabank,70,33,1.9900000095367432,www.scotiabank.com
best rrsp accounts,50,33,8.84000015258789,www.nerdwallet.com
can i use my cibc debit card in usa,50,33,0.0,www.cibc.com
bankruptcy bank,50,33,17.729999542236328,www.rbcroyalbank.com
can etransfers be cancelled,50,33,0.0,www.rbcroyalbank.com
buy stocks for beginners,70,33,8.829999923706055,www.nerdwallet.com
3 year fixed rate canada,70,33,1.7899999618530271,www.ratehub.ca
bank toronto,1300,30,8.960000038146973,www.td.com
banque td service à la clientèle,1000,30,0.6399999856948853,www.td.com
atm open now near me,1900,30,0.5899999737739563,www.rbcroyalbank.com
banks toronto canada,1300,30,8.960000038146973,www.td.com
cibc aeroplan credit card,1300,30,0.9700000286102296,www.cibc.com
aeroplan cibc credit card,1300,30,0.9700000286102296,www.cibc.com
business credit cards,1300,30,42.47999954223633,www.cibc.com
change rbc password,1300,30,8.449999809265137,www.rbcroyalbank.com
closest bank to my location,90,29,2.9200000762939453,www.rbcroyalbank.com
180 wellington street west rbc,70,29,0.0,www.rbcroyalbank.com
aeroplan td visa infinite privilege,170,29,3.490000009536743,www.td.com
accept credit card payments online,110,29,44.02000045776367,www.td.com
860 credit score,90,29,0.0,www.td.com
banks near my location,90,29,2.9200000762939453,www.rbcroyalbank.com
banque td rimouski,70,29,0.25,www.td.com
bmo bank branch hours,90,29,0.0,www.bmo.com
bank of montreal brantford hours,110,29,0.3300000131130218,www.bmo.com
bank account zero fees,70,29,13.489999771118164,www.bmo.com
auto loan amortization calculator canada,110,29,1.1100000143051147,www.scotiabank.com
24k gold bar price in canada,140,29,1.440000057220459,www.td.com
best interest rates term deposit,90,29,1.7899999618530271,www.td.com
close rbc account online,70,29,5.909999847412109,www.rbcroyalbank.com
can i open an rbc bank account online,90,29,5.400000095367432,www.rbcroyalbank.com
bank account with zero fees,70,29,13.489999771118164,www.bmo.com
amortization calculator car loan canada,110,29,1.1100000143051147,www.scotiabank.com
atm where i can deposit cash,90,29,0.0,www.td.com
best banks for personal loans,70,29,13.470000267028809,www.td.com
average house price hamilton ontario,70,29,1.8700000047683716,wowa.ca
1kg gold bar price canada,140,29,1.0800000429153442,www.td.com
call avion rewards,90,29,15.0600004196167,www.rbcroyalbank.com
banque de montréal valleyfield,90,29,0.3499999940395355,www.bmo.com
50000 loan,110,29,10.75,www.scotiabank.com
average house price in hamilton ontario,70,29,1.8700000047683716,wowa.ca
bank deposit form td,90,29,0.0,www.td.com
bad credit microloan,70,29,5.210000038146973,wowa.ca
best of bmo,70,29,0.0,www.bmo.com
30000 loan,70,29,9.300000190734863,www.scotiabank.com
benefits of rbc avion card,90,29,0.4099999964237213,www.rbcroyalbank.com
auto loan new car,70,29,5.639999866485596,www.scotiabank.com
best investment for retirement,90,29,2.240000009536743,www.scotiabank.com
bank of montreal chatham hours,70,29,0.0,www.bmo.com
bank of montreal jane and finch,90,29,7.119999885559082,www.bmo.com
banque scotia mastercard momentum,90,29,3.839999914169311,www.scotiabank.com
bank of montreal shawnessy hours,90,29,0.0,www.bmo.com
banque scotia momentum mastercard,90,29,3.839999914169311,www.scotiabank.com
best term deposit interest rates,90,29,1.7899999618530271,www.td.com
bonus for opening a bank account,70,29,6.119999885559082,www.scotiabank.com
banque scotia numero,90,29,3.1500000953674316,www.scotiabank.com
boat financing bc,50,29,5.980000019073486,www.scotiabank.com
bank of montreal lucknow,70,29,1.8799999952316284,www.bmo.com
banque scotia taux,110,29,3.259999990463257,www.scotiabank.com
bank certificate rbc,70,29,0.0,www.rbcroyalbank.com
bank of montreal portage,90,29,5.510000228881836,www.bmo.com
bank of montreal mortgage department,70,29,5.380000114440918,www.bmo.com
bank of montreal mortgage service centre,70,29,4.019999980926514,www.bmo.com
average business loan interest rate,70,29,5.789999961853027,www.rbcroyalbank.com
bank of montreal port elgin,90,29,2.049999952316284,www.bmo.com
best investments for retirees,90,29,2.240000009536743,www.scotiabank.com
best investment in retirement,90,29,2.240000009536743,www.scotiabank.com
bonus new bank account,70,29,6.119999885559082,www.scotiabank.com
calcul pret auto avec taxe,70,29,2.9000000953674316,www.scotiabank.com
bank of montreal cheque information,90,29,3.559999942779541,www.bmo.com
bank of montreal spruce grove hours,70,29,0.0199999995529651,www.bmo.com
best investment for retirees,90,29,2.240000009536743,www.scotiabank.com
1 gram td gold bar,70,29,0.5299999713897705,www.td.com
canadian banking fees,90,29,5.779999732971191,www.scotiabank.com
canadian bank fees,90,29,5.779999732971191,www.scotiabank.com
canada bank fees,90,29,5.779999732971191,www.scotiabank.com
age for credit card in canada,70,29,3.700000047683716,www.rbcroyalbank.com
alternative lending canada,90,29,9.5,www.rbcroyalbank.com
bank of montreal grande prairie hours,70,29,6.779999732971191,www.bmo.com
bank fees canada,90,29,5.779999732971191,www.scotiabank.com
bank locker availability near me,90,29,0.0199999995529651,www.scotiabank.com
bank of nova scotia account number format,90,29,0.0,www.scotiabank.com
bank of nova scotia kingston,90,29,4.920000076293945,www.scotiabank.com
bank of nova scotia summerside,70,29,6.710000038146973,www.scotiabank.com
can you cancel a cheque,90,29,0.0,www.rbcroyalbank.com
calculateur pret auto avec taxes,70,29,2.9000000953674316,www.scotiabank.com
bank near my location,90,29,2.9200000762939453,www.rbcroyalbank.com
bank lockers available near me,90,29,0.0199999995529651,www.rbcroyalbank.com
aventura airline rewards chart,90,29,0.0,www.cibc.com
broker mortgage rates ontario,70,29,3.6700000762939458,www.ratehub.ca
how to buy a foreclosure,70,29,0.9399999976158142,www.nesto.ca
best credit card for travelling in europe,70,29,12.729999542236328,www.ratehub.ca
2 cash back credit card canada,70,29,4.400000095367432,www.nerdwallet.com
0 fees bank account,70,29,13.489999771118164,www.nerdwallet.com
alternative lending canada,90,29,9.5,www.truenorthmortgage.ca
best bank for personal loan,70,29,13.470000267028809,www.ratehub.ca
cibc 17th street,90,29,0.3600000143051147,www.cibc.com
cibc 24 hour atm,90,29,0.0,www.cibc.com
mortgage rates barrie,70,29,2.6500000953674316,www.truenorthmortgage.ca
cibc account balance,90,29,4.789999961853027,www.cibc.com
best credit card for europe travel,70,29,12.729999542236328,www.ratehub.ca
best credit card for european travel,70,29,12.729999542236328,www.ratehub.ca
cibc aeroplan visa infinite car rental insurance,70,29,0.0,www.cibc.com
best home equity line of credit canada,70,29,10.789999961853027,www.ratehub.ca
cibc aeroplan visa infinite privilege benefits,90,29,0.2000000029802322,www.cibc.com
how safe is montreal canada,90,29,0.0,www.nesto.ca
best credit cards for european travel,70,29,12.729999542236328,www.ratehub.ca
best credit cards for travel in europe,70,29,12.729999542236328,www.ratehub.ca
best gic rates alberta,70,29,4.010000228881836,www.ratehub.ca
mortgage broker rates ontario,70,29,3.6700000762939458,www.truenorthmortgage.ca
best gic rates in alberta,70,29,4.010000228881836,www.ratehub.ca
canada's real estate market,390,29,3.059999942779541,wowa.ca
best heloc,70,29,10.510000228881836,www.ratehub.ca
canada prime rate history graph,140,29,0.0,wowa.ca
accounting adjustments,70,29,0.0,www.nerdwallet.com
carte visa cibc,90,29,1.850000023841858,www.cibc.com
bank draft vs cashier check,70,29,0.0,www.nerdwallet.com
best budget spreadsheet,110,29,3.450000047683716,www.nerdwallet.com
credit cards no credit check canada,90,29,13.6899995803833,www.nerdwallet.com
credit card no credit check canada,90,29,13.6899995803833,www.nerdwallet.com
credit card length,110,29,0.0,www.nerdwallet.com
bank services online,70,29,34.369998931884766,www.cibc.com
cashier check vs bank draft,90,29,0.0,www.nerdwallet.com
can i get a credit card with bad credit history,90,29,16.829999923706055,www.nerdwallet.com
accelerated weekly vs weekly,90,29,0.0,www.ratehub.ca
best visa,90,29,12.31999969482422,www.nerdwallet.com
ac conversion card,110,29,4.670000076293945,www.cibc.com
assurance locataire moins cher,70,29,27.15999984741211,www.ratehub.ca
average car insurance cost toronto,90,29,12.789999961853027,www.ratehub.ca
best metal credit cards canada,90,29,13.81999969482422,www.nerdwallet.com
barrie mortgage rates,70,29,2.6500000953674316,www.ratehub.ca
cancel cibc debit card,90,29,0.0,www.cibc.com
cancel debit card cibc,90,29,0.0,www.cibc.com
best hysa,70,29,7.159999847412109,www.nerdwallet.com
best 1 year gic rates,90,29,1.940000057220459,www.ratehub.ca
car loan near me,70,29,8.100000381469727,www.cibc.com
best credit card for low credit score,70,29,20.18000030517578,www.nerdwallet.com
historical interest rates canada chart,140,29,0.0,wowa.ca
hamilton ontario average house price,70,29,1.8700000047683716,wowa.ca
best home equity line of credit,70,29,10.510000228881836,www.ratehub.ca
canadian prime rate history graph,140,29,0.0,wowa.ca
best home insurance nova scotia,70,29,15.949999809265137,www.ratehub.ca
best interest rates for term deposits,90,29,1.7899999618530271,www.ratehub.ca
best interest rates investments,70,29,2.940000057220459,www.ratehub.ca
broker mortgage rates ontario,70,29,3.6700000762939458,www.truenorthmortgage.ca
best interest rates on investments,70,29,2.940000057220459,www.ratehub.ca
best investment interest rates,70,29,2.940000057220459,www.ratehub.ca
best investments interest rates,70,29,2.940000057220459,www.ratehub.ca
barrie mortgage rates,70,29,2.6500000953674316,www.truenorthmortgage.ca
alternative lenders canada,90,29,9.5,www.truenorthmortgage.ca
mortgage brokers hamilton,90,29,7.960000038146973,www.truenorthmortgage.ca
best rate term deposit,90,29,1.7899999618530271,www.ratehub.ca
safest town in canada,90,29,0.0,www.nesto.ca
safest towns in canada,90,29,0.0,www.nesto.ca
best term deposit rates,90,29,1.7899999618530271,www.ratehub.ca
alternative lending canada,90,29,9.5,www.nesto.ca
celiapp anglais,110,29,0.0,www.nesto.ca
bridge mortgage meaning,70,29,1.0299999713897705,www.td.com
how do i find foreclosed homes,70,29,2.0,www.nesto.ca
how safe is montreal,90,29,0.0,www.nesto.ca
best interest rates investment,70,29,2.940000057220459,www.ratehub.ca
bmo ascend world elite mastercard certificate of insurance,90,29,9.149999618530272,www.bmo.com
calgary housing market predictions,90,29,0.0,wowa.ca
best interest rates for investments,70,29,2.940000057220459,www.ratehub.ca
cibc auto loan address,70,29,0.0,www.cibc.com
canada interest rates historical graph,140,29,0.0,wowa.ca
best interest rates for investment,70,29,2.940000057220459,www.ratehub.ca
best interest rate investments,70,29,2.940000057220459,www.ratehub.ca
alternative lenders canada,90,29,9.5,www.nesto.ca
lowest mortgage rate winnipeg,110,27,2.799999952316284,www.truenorthmortgage.ca
business entities,210,27,0.0,www.nerdwallet.com
account bank information,170,27,0.0,www.scotiabank.com
account information bank,170,27,0.0,www.scotiabank.com
activate scotia online,140,27,24.6299991607666,www.scotiabank.com
5-year fixed mortgage rates chart,210,27,2.109999895095825,www.ratehub.ca
alberta mortgage rates calculator,170,27,0.6800000071525574,www.ratehub.ca
bank locator,140,27,6.699999809265137,www.td.com
mortgage broker lloydminster,140,27,9.350000381469728,www.truenorthmortgage.ca
bank location,140,27,6.699999809265137,www.td.com
best two year fixed rate mortgage,170,27,2.259999990463257,www.ratehub.ca
cheapest way to rent a car,110,27,3.2100000381469727,www.nerdwallet.com
buy investment property,140,27,4.010000228881836,www.rbcroyalbank.com
30-day gic,140,27,2.4600000381469727,www.ratehub.ca
30 day gic,140,27,2.4600000381469727,www.ratehub.ca
bank account info,170,27,0.0,www.scotiabank.com
1-year fixed mortgage rates canada,210,27,2.0,www.scotiabank.com
1 oz fine silver price,110,27,0.9300000071525574,www.td.com
1 year fixed mortgage rates canada,210,27,2.0,www.scotiabank.com
88 queens quay rbc,390,27,0.0299999993294477,www.rbcroyalbank.com
bloor and bathurst td,140,27,5.980000019073486,www.td.com
1 year mortgage rates canada,210,27,2.0,www.ratehub.ca
buy investment properties,140,27,4.010000228881836,www.rbcroyalbank.com
best travel credit card canada lounge access,140,27,9.4399995803833,www.ratehub.ca
best insurance rates alberta,90,27,7.119999885559082,www.ratehub.ca
best tfsa investments canada,140,27,3.8299999237060542,www.ratehub.ca
can i use my scotiabank debit card internationally,110,27,5.619999885559082,www.scotiabank.com
best credit card with hotel rewards,90,27,7.409999847412109,www.ratehub.ca
property transfer tax alberta,140,27,0.0,www.truenorthmortgage.ca
260 east beaver creek rd,140,27,0.0199999995529651,www.rbcroyalbank.com
atm withdrawal limit canada,210,27,0.0,www.rbcroyalbank.com
best business credit card for rewards,110,27,23.68000030517578,www.ratehub.ca
mortgage brokers lloydminster,140,27,9.350000381469728,www.truenorthmortgage.ca
appointment bank,140,27,25.200000762939453,www.td.com
average cost to build a house per square foot,170,27,2.109999895095825,www.nerdwallet.com
average cost to build house per sq ft,170,27,2.109999895095825,www.nerdwallet.com
alberta property transfer tax,140,27,0.0,www.truenorthmortgage.ca
1233 the queensway,110,27,0.0,www.rbcroyalbank.com
lowest mortgage rates winnipeg,110,27,2.799999952316284,www.truenorthmortgage.ca
best fixed rate 2 year mortgage,170,27,2.259999990463257,www.ratehub.ca
best 2 year mortgage rates,170,27,2.259999990463257,www.ratehub.ca
11000 yonge street,110,27,0.9700000286102296,www.rbcroyalbank.com
best points business credit card,110,27,23.68000030517578,www.ratehub.ca
best 2 year fixed mortgage rates,170,27,2.259999990463257,www.ratehub.ca
lloydminster mortgage broker,140,27,9.350000381469728,www.truenorthmortgage.ca
best reward credit cards for business,110,27,23.68000030517578,www.ratehub.ca
best saving account,140,27,4.239999771118164,www.ratehub.ca
bank appointment,140,27,25.200000762939453,www.td.com
100 oz of silver value,110,27,1.0,www.td.com
best credit card rates,110,27,8.989999771118164,www.ratehub.ca
best 2 years fixed mortgage rate,170,27,2.259999990463257,www.ratehub.ca
1 year fixed rate mortgage,210,27,1.159999966621399,www.ratehub.ca
documents for mortgage loan,140,27,0.7900000214576721,wowa.ca
bank of montreal goldstream,110,27,3.9200000762939458,www.bmo.com
best two year fixed mortgage rates,170,27,2.259999990463257,wowa.ca
bank of montreal dunnville,140,27,2.440000057220459,www.bmo.com
1 year fixed rate mortgages,210,27,1.159999966621399,www.ratehub.ca
bank of montreal line of credit rates,110,27,0.0,www.bmo.com
cibc atm deposit,140,27,2.740000009536743,www.cibc.com
carte aventura cibc,140,27,0.4399999976158142,www.cibc.com
bank of montreal tower hill,140,27,0.0,www.bmo.com
bank interest rates today,170,27,1.5299999713897705,www.cibc.com
bank balance certificate cibc,110,27,0.0,www.cibc.com
buying property as an investment,140,27,4.010000228881836,www.rbcroyalbank.com
bank account information,170,27,0.0,www.cibc.com
can i close my cibc account online,110,27,0.0,www.cibc.com
calgary real estate market news,140,27,3.4600000381469727,wowa.ca
alberta property transfer tax,140,27,0.0,wowa.ca
active trading,140,27,0.0199999995529651,www.bmo.com
bank of montreal chicago,170,27,4.099999904632568,www.bmo.com
commission calculator bc,210,27,0.0,wowa.ca
1-year variable mortgage rates,260,27,1.7100000381469729,www.cibc.com
1 year variable mortgage rates,260,27,1.7100000381469729,www.cibc.com
buying a property as an investment,140,27,4.010000228881836,www.rbcroyalbank.com
buying investment property,140,27,4.010000228881836,www.rbcroyalbank.com
canada subprime,50,25,2.9200000762939453,www.nerdwallet.com
bank of montreal aurora hours,50,25,0.0,www.bmo.com
35 year amortization canada,70,25,2.5199999809265137,wowa.ca
automobile proof of loss,90,25,31.3799991607666,www.td.com
best credit cards for air travel,50,25,11.34000015258789,www.ratehub.ca
canadian subprime lenders,50,25,2.9200000762939453,wowa.ca
1 oz gold bar canada price,90,25,1.0299999713897705,www.td.com
mortgage rates fixed or variable,70,25,2.3399999141693115,www.truenorthmortgage.ca
mortgage renewal calculator alberta,70,25,1.159999966621399,www.truenorthmortgage.ca
best credit card for air travel,50,25,11.34000015258789,www.ratehub.ca
banque scotia contact,50,25,3.930000066757202,www.scotiabank.com
bolton cibc,50,25,2.3399999141693115,www.cibc.com
bank of montreal calgary main branch,70,25,1.4600000381469729,www.bmo.com
24k gold brick price,70,25,0.4900000095367431,www.td.com
borrowing rates,50,25,2.6399998664855957,www.cibc.com
24k gold biscuit price,70,25,0.4900000095367431,www.td.com
24k gold bars price,70,25,0.4900000095367431,www.td.com
bank of nova scotia subsidiaries,70,25,0.0,www.scotiabank.com
24k gold bar price,70,25,0.4900000095367431,www.td.com
best student account canada,70,25,7.769999980926514,www.nerdwallet.com
10 troy ounces of silver worth,70,25,0.4399999976158142,www.td.com
aba number cibc,50,25,0.0,www.cibc.com
mortgage brokers gta,70,25,14.140000343322754,www.truenorthmortgage.ca
bns long term non redeemable gic,70,25,1.3600000143051147,www.scotiabank.com
cibc atm edmonton,70,25,0.0,www.cibc.com
bank of canada prime rate graph,110,25,0.0,wowa.ca
bns mtge dept mtg,70,25,0.0,www.scotiabank.com
business plan maker free,90,25,7.179999828338623,www.rbcroyalbank.com
bmo aurora hours,50,25,0.0,www.bmo.com
bmo alerts email address,70,25,0.0,www.bmo.com
best mortgage rates ontario today,50,25,1.899999976158142,wowa.ca
3 demerit points insurance ontario,50,25,4.869999885559082,www.ratehub.ca
credit card tap limit canada,50,25,0.0,www.nerdwallet.com
which province has the highest taxes in canada,90,25,0.0,www.nesto.ca
bank of montreal main branch calgary,70,25,1.4600000381469729,www.bmo.com
best mortgage rates ontario today,50,25,1.899999976158142,www.truenorthmortgage.ca
fixed rate or variable mortgage,70,25,2.3399999141693115,www.truenorthmortgage.ca
apply for credit card canada online,70,25,32.290000915527344,www.scotiabank.com
new canada mortgage rates,260,25,1.2799999713897705,www.nesto.ca
banque td taux cpg,70,25,3.9200000762939458,www.td.com
bank of montreal granville street,50,25,0.0199999995529651,www.bmo.com
cibc auto pay,70,25,0.0,www.cibc.com
apply credit card online canada,70,25,32.290000915527344,www.scotiabank.com
cibc auto payment,70,25,0.0,www.cibc.com
bank of montreal mastercard sign in,2900,24,0.0,www.bmo.com
cibc 161 bay street,210,24,2.809999942779541,www.cibc.com
avion rewards customer service,320,24,0.0,www.rbcroyalbank.com
4789 kingsway,170,24,0.0,www.rbcroyalbank.com
american express cards ranked,140,24,4.070000171661377,www.nerdwallet.com
1 troy oz 999 fine silver value,210,24,1.1100000143051147,www.td.com
graph of mortgage interest rates,720,24,2.2300000190734863,wowa.ca
forecast for prime rate,210,24,0.0,wowa.ca
calculator for auto loan payoff,210,24,1.4900000095367432,www.scotiabank.com
50 30 20 rule budget,210,24,2.7899999618530273,www.nerdwallet.com
calgary scotiabank locations,260,24,6.440000057220459,www.scotiabank.com
bank of montreal eganville,170,24,1.2799999713897705,www.bmo.com
best banks for students,170,24,8.350000381469727,www.nerdwallet.com
best bank for students,170,24,8.350000381469727,www.nerdwallet.com
ba premium economy review,210,24,0.0199999995529651,www.nerdwallet.com
50/30/20 rule budget,210,24,2.7899999618530273,www.nerdwallet.com
1 troy ounce 999 fine silver value,210,24,1.1100000143051147,www.td.com
best airport lounge credit card,260,24,5.639999866485596,www.ratehub.ca
best auto insurance for new drivers,210,24,14.779999732971191,www.ratehub.ca
best airport lounges credit card,260,24,5.639999866485596,www.ratehub.ca
best auto loan rate canada,260,24,5.610000133514404,www.ratehub.ca
bank of montreal gananoque,210,24,4.449999809265137,www.bmo.com
10 oz silver,260,24,0.9900000095367432,www.td.com
best mortgage companies near me,260,24,7.389999866485596,www.truenorthmortgage.ca
banquenet mes comptes,260,24,0.0,www.td.com
beginners stock market,210,24,6.970000267028809,www.td.com
calgary car insurance cost,170,24,2.319999933242798,www.ratehub.ca
bridge financing mortgage,170,24,2.9200000762939453,www.td.com
forecast for prime rate,210,24,0.0,www.nesto.ca
best mortgage company near me,260,24,7.389999866485596,www.truenorthmortgage.ca
best interest rates in ontario,210,24,2.4000000953674316,wowa.ca
burnaby mortgage brokers,260,24,7.179999828338623,www.truenorthmortgage.ca
mortgage advisor surrey,260,24,9.079999923706056,www.truenorthmortgage.ca
best mortgage brokers near me,260,24,7.389999866485596,www.truenorthmortgage.ca
mortgage broker burnaby,260,24,7.179999828338623,www.truenorthmortgage.ca
best lounge credit card,260,24,5.639999866485596,www.ratehub.ca
surrey mortgage brokers,260,24,9.079999923706056,www.truenorthmortgage.ca
surrey mortgage broker,260,24,9.079999923706056,www.truenorthmortgage.ca
reverse mortgage brokers,210,24,20.81999969482422,www.truenorthmortgage.ca
reverse mortgage broker,210,24,20.81999969482422,www.truenorthmortgage.ca
buying us property as a canadian,260,24,4.599999904632568,wowa.ca
best insurance for new drivers,210,24,14.779999732971191,www.ratehub.ca
best auto loan rates canada,260,24,5.610000133514404,www.ratehub.ca
bns jamaica,210,24,0.0700000002980232,www.scotiabank.com
cibc 161 bay street toronto,210,24,2.809999942779541,www.cibc.com
3 years variable rate mortgage,320,24,2.180000066757202,www.rbcroyalbank.com
best car insurance new drivers,210,24,14.779999732971191,www.ratehub.ca
chart for mortgage rates,720,24,2.2300000190734863,wowa.ca
5 oz silver bar,210,24,1.2599999904632568,www.td.com
cibc 3 year fixed mortgage rate,390,24,1.1200000047683716,www.cibc.com
999 fine silver 1 troy ounce value,210,24,1.1100000143051147,www.td.com
cibc account fees,260,24,1.569999933242798,www.cibc.com
10 york mills road 3rd floor,110,24,0.0,www.rbcroyalbank.com
cibc account opening offers,210,24,2.8299999237060547,www.cibc.com
capital cost allowance calculator,390,24,0.6299999952316284,wowa.ca
bank of montreal 100 mile house,210,24,4.199999809265137,www.bmo.com
atm machine deposit limit,210,24,0.0,www.td.com
atm open,170,24,0.0,www.td.com
bank account for newcomers in canada,260,24,9.039999961853027,www.bmo.com
canadian buying us property,260,24,4.599999904632568,wowa.ca
999 fine silver one troy ounce value,210,24,1.1100000143051147,www.td.com
prix des maisons au québec,210,24,1.649999976158142,www.nesto.ca
161 bay street cibc,210,24,2.809999942779541,www.cibc.com
canadian imperial bank of commerce iban,210,24,9.100000381469728,www.cibc.com
banque cibc succursale,110,24,4.190000057220459,www.cibc.com
cheapest day of the week to book flights,260,24,1.8799999952316284,www.nerdwallet.com
bank of nova scotia toronto branches,260,24,0.3199999928474426,www.scotiabank.com
bank of nova scotia toronto locations,260,24,0.3199999928474426,www.scotiabank.com
british airways premium economy reviews,210,24,0.0199999995529651,www.nerdwallet.com
british airways premium economy review,210,24,0.0199999995529651,www.nerdwallet.com
banque cibc laval,210,24,2.319999933242798,www.cibc.com
bank mortgage rates current,210,24,1.8600000143051147,www.rbcroyalbank.com
checking accounts free,210,24,12.5600004196167,www.nerdwallet.com
company matching rrsp,260,24,6.690000057220459,www.nerdwallet.com
bank of montreal south surrey,210,24,1.4600000381469729,www.bmo.com
5-year gic rates,210,24,1.2200000286102295,www.ratehub.ca
3-year variable rate mortgage canada,390,24,1.7999999523162842,www.cibc.com
abm meaning bank,170,24,0.0,www.scotiabank.com
abm deposit,210,24,0.0,www.scotiabank.com
british airways reviews premium economy,210,24,0.0199999995529651,www.nerdwallet.com
atm 7 eleven,210,24,0.0900000035762786,www.scotiabank.com
atm 711,210,24,0.0900000035762786,www.scotiabank.com
best bank accounts for newcomers to canada,170,24,7.710000038146973,www.cibc.com
auto loans toronto,210,24,8.770000457763672,www.scotiabank.com
best newcomer bank account canada,170,24,7.710000038146973,www.cibc.com
bloor and bathurst cibc,210,24,5.970000267028809,www.cibc.com
bank of montreal tsawwassen,260,24,1.0499999523162842,www.bmo.com
auto loan calculator bc,140,24,1.5499999523162842,www.scotiabank.com
bank of nova scotia barbados online,210,24,0.0700000002980232,www.scotiabank.com
5 year gic rates,210,24,1.2200000286102295,www.ratehub.ca
amex cobalt interest rate,210,24,10.9399995803833,www.ratehub.ca
cashback apps,170,24,5.800000190734863,www.nerdwallet.com
best bank account for newcomers to canada,170,24,7.710000038146973,www.cibc.com
atm machine deposit,260,24,0.0,www.scotiabank.com
bank transaction,210,24,2.4100000858306885,www.rbcroyalbank.com
atm machine 7/11,210,24,0.0900000035762786,www.scotiabank.com
atm deposit,260,24,0.0,www.scotiabank.com
711 atm,210,24,0.0900000035762786,www.scotiabank.com
auto loan toronto,210,24,8.770000457763672,www.scotiabank.com
banque scotia taux hypothécaire,320,24,1.8799999952316284,www.scotiabank.com
3 year variable mortgage rates,320,24,2.180000066757202,www.cibc.com
canada resume sample,260,24,1.5499999523162842,www.rbcroyalbank.com
best rate exchange us dollar,320,24,2.8299999237060547,www.scotiabank.com
best us currency exchange rate,320,24,2.8299999237060547,www.scotiabank.com
best exchange rates usd,320,24,2.8299999237060547,www.scotiabank.com
best exchange rates for dollars,320,24,2.8299999237060547,www.scotiabank.com
best mortgage company near me,260,24,7.389999866485596,www.rbcroyalbank.com
best usd currency exchange,320,24,2.8299999237060547,www.scotiabank.com
best exchange rates dollars,320,24,2.8299999237060547,www.scotiabank.com
best exchange rate for usd,320,24,2.8299999237060547,www.scotiabank.com
best exchange rate for us dollars,320,24,2.8299999237060547,www.scotiabank.com
3 year variable mortgage rates canada,390,24,1.7999999523162842,www.cibc.com
application services bancaires mobiles cibc,170,24,1.7899999618530271,www.cibc.com
best currency exchange for usd,320,24,2.8299999237060547,www.scotiabank.com
3-year variable mortgage rates canada,390,24,1.7999999523162842,www.cibc.com
bridging loans mortgage,170,24,2.9200000762939453,www.rbcroyalbank.com
7 11 atm,210,24,0.0900000035762786,www.scotiabank.com
best usd currency exchange rate,320,24,2.8299999237060547,www.scotiabank.com
7-eleven atm,210,24,0.0900000035762786,www.scotiabank.com
3-year variable mortgage rates,320,24,2.180000066757202,www.ratehub.ca
7 eleven atm,210,24,0.0900000035762786,www.scotiabank.com
canadian banks mortgage interest rates,880,23,1.7300000190734863,www.rbcroyalbank.com
best offers on credit cards,480,23,10.34000015258789,www.ratehub.ca
atm you can deposit cash,1300,23,0.0,www.td.com
cibc amos,320,23,2.8499999046325684,www.cibc.com
artificial intelligence investing,1600,23,7.840000152587891,www.bmo.com
auto loan for private sale,260,23,9.529999732971191,www.td.com
prévision taux hypothécaire 2026,260,23,0.8500000238418579,www.nesto.ca
ai investing,1600,23,7.840000152587891,www.bmo.com
bmo banff,320,23,1.8700000047683716,www.bmo.com
auto loan private sale,260,23,9.529999732971191,www.td.com
nesto vacancy,320,23,0.0,www.nesto.ca
auto loans for private sale,260,23,9.529999732971191,www.td.com
bank account types,480,23,5.21999979019165,www.td.com
bank account type,480,23,5.21999979019165,www.td.com
ai for investors,1600,23,7.840000152587891,www.bmo.com
best saving rates,390,23,2.630000114440918,www.ratehub.ca
aeroplan infinite cibc,590,23,0.5,www.cibc.com
cibc aurora,590,23,1.1299999952316284,www.cibc.com
is montreal a safe city,480,23,0.0,www.nesto.ca
canada halal mortgage,1900,23,3.639999866485596,www.truenorthmortgage.ca
co sign vs guarantor,480,23,0.0,www.truenorthmortgage.ca
best trading platform,720,23,21.63999938964844,www.td.com
co-sign vs guarantor,480,23,0.0,www.truenorthmortgage.ca
co-signer vs guarantor,480,23,0.0,www.truenorthmortgage.ca
cosigner versus guarantor,480,23,0.0,www.truenorthmortgage.ca
guarantor vs co signer,480,23,0.0,www.truenorthmortgage.ca
canada mortgage variable vs fixed,590,23,0.8299999833106995,www.truenorthmortgage.ca
co signer vs guarantor,480,23,0.0,www.truenorthmortgage.ca
is montreal safe,480,23,0.0,www.nesto.ca
best savings rate,390,23,2.630000114440918,www.ratehub.ca
bank of montreal willowbrook,210,23,1.1200000047683716,www.bmo.com
guarantor vs cosigner,480,23,0.0,www.truenorthmortgage.ca
cosigner vs guarantor,480,23,0.0,www.truenorthmortgage.ca
banque td st jean sur richelieu,260,23,0.7900000214576721,www.td.com
halal mortgage canada,1900,23,3.639999866485596,www.truenorthmortgage.ca
guarantor vs co-signer,480,23,0.0,www.truenorthmortgage.ca
nesto jobs,320,23,0.0,www.nesto.ca
nesto careers,320,23,0.0,www.nesto.ca
best savings rates,390,23,2.630000114440918,www.ratehub.ca
best online trading platforms,720,23,21.63999938964844,www.td.com
bank of montreal verdun,480,23,0.7799999713897705,www.bmo.com
155 wellington rbc,260,23,0.0,www.rbcroyalbank.com
90 sparks street ottawa on,170,23,0.0,www.rbcroyalbank.com
best student bank accounts canada,480,23,8.449999809265137,www.nerdwallet.com
best student bank account canada,480,23,8.449999809265137,www.nerdwallet.com
best savings interest rates,390,23,2.630000114440918,www.nerdwallet.com
20/30/50 budget,590,23,3.1500000953674316,www.nerdwallet.com
30/20/50 budget,590,23,3.1500000953674316,www.nerdwallet.com
canada pro payment,2900,23,0.0,www.nerdwallet.com
6880 financial drive,480,23,0.0,www.rbcroyalbank.com
best online trading platform,720,23,21.63999938964844,www.nerdwallet.com
50 20 30 budget,590,23,3.1500000953674316,www.nerdwallet.com
50 30 20 budget,590,23,3.1500000953674316,www.nerdwallet.com
50-30-20 budget,590,23,3.1500000953674316,www.nerdwallet.com
canada unsecured loan,590,23,8.5600004196167,www.cibc.com
50/20/30 budget,590,23,3.1500000953674316,www.nerdwallet.com
50/30/20 budget,590,23,3.1500000953674316,www.nerdwallet.com
banque scotia téléphone,480,23,4.210000038146973,www.scotiabank.com
bank of montreal contact number canada,480,23,0.0,www.bmo.com
best interest rates for savings,390,23,2.630000114440918,www.nerdwallet.com
can you deposit cash into an atm,1300,23,0.0,www.scotiabank.com
can you deposit cash at an atm,1300,23,0.0,www.scotiabank.com
airbnb vs vrbo,390,23,4.0,www.nerdwallet.com
amex cards ranked,210,23,3.7300000190734863,www.nerdwallet.com
best artificial intelligence stocks,1900,23,2.2899999618530273,www.nerdwallet.com
cancel cheque,480,23,0.0,www.rbcroyalbank.com
best days to book flights international,210,23,1.0199999809265137,www.nerdwallet.com
bank of montreal news,1300,23,0.0,www.bmo.com
cancel a cheque,480,23,0.0,www.rbcroyalbank.com
avion points to dollars,390,23,1.8899999856948853,www.rbcroyalbank.com
best day to book international flights,210,23,1.0199999809265137,www.nerdwallet.com
best day to book flights international,210,23,1.0199999809265137,www.nerdwallet.com
aventura points redeem,480,23,8.520000457763672,www.cibc.com
best us credit card,590,23,3.369999885559082,www.nerdwallet.com
balance protector premium,590,23,9.760000228881836,www.rbcroyalbank.com
bank of montreal castlegar,320,23,5.699999809265137,www.bmo.com
bank transfer rbc,320,23,5.110000133514404,www.rbcroyalbank.com
bank net banking,480,23,1.5399999618530271,www.scotiabank.com
bank of nova scotia the,4400,23,0.9399999976158142,www.scotiabank.com
bank of montreal trail bc,260,23,3.1700000762939453,www.bmo.com
active trader td,1600,23,11.720000267028809,www.td.com
budgeting 50/30/20,590,23,3.1500000953674316,www.nerdwallet.com
cibc aeroplan infinite,590,23,0.5,www.cibc.com
bank of nova scotia news,2400,23,0.0,www.scotiabank.com
bank of nova scotia solicitor forms,320,23,0.0,www.scotiabank.com
budgeting 50 30 20,590,23,3.1500000953674316,www.nerdwallet.com
budget 50 30 20,590,23,3.1500000953674316,www.nerdwallet.com
bank of montreal banff,320,23,1.8700000047683716,www.bmo.com
bank of nova scotia calgary,8100,23,3.3499999046325684,www.scotiabank.com
budget 50 20 30,590,23,3.1500000953674316,www.nerdwallet.com
best free of accounts,90,22,1.25,www.nerdwallet.com
carte bancaire,3600,22,13.93000030517578,www.cibc.com
best mortgage rates toronto,590,22,3.889999866485596,wowa.ca
credit card with no credit check canada,110,22,17.06999969482422,www.nerdwallet.com
balance transfer offer,140,22,5.480000019073486,www.cibc.com
house loan interest rates in canada,140,22,1.819999933242798,www.nesto.ca
cibc account login,880,22,2.25,www.cibc.com
will interest rates drop,140,22,0.4099999964237213,www.truenorthmortgage.ca
best mortgage rate in toronto,590,22,3.889999866485596,www.ratehub.ca
best mortgage rates new brunswick,70,22,4.329999923706055,wowa.ca
credit cards with no credit check canada,110,22,17.06999969482422,www.nerdwallet.com
account number on check canada,90,22,0.0,www.cibc.com
credit cards with no credit checks canada,110,22,17.06999969482422,www.nerdwallet.com
refinancing mortgage broker,70,22,3.440000057220459,www.truenorthmortgage.ca
refinance mortgage broker,70,22,3.440000057220459,www.truenorthmortgage.ca
refinance home loan broker,70,22,3.440000057220459,www.truenorthmortgage.ca
mortgage refinance broker,70,22,3.440000057220459,www.truenorthmortgage.ca
account number on cheque canada,90,22,0.0,www.cibc.com
best mortgage renewal rates,90,22,3.9800000190734863,www.ratehub.ca
cibc appleby,140,22,0.2800000011920929,www.cibc.com
best gic rates canadian banks,170,22,1.9800000190734863,www.ratehub.ca
cost pool installation,260,22,3.009999990463257,www.nerdwallet.com
canadian online bank account,720,22,33.720001220703125,www.cibc.com
halal mortgage ontario,110,22,1.9900000095367432,www.truenorthmortgage.ca
first time home buyer manitoba,390,22,3.190000057220459,www.nesto.ca
are gic rates going up,90,22,2.200000047683716,www.ratehub.ca
business checking account,140,22,20.43000030517578,www.cibc.com
best car insurance finder,70,22,34.790000915527344,www.ratehub.ca
best interest rates gic,110,22,2.4600000381469727,www.ratehub.ca
closing costs calculator manitoba,70,22,0.1000000014901161,wowa.ca
interest rates 2025,260,22,1.0299999713897705,www.truenorthmortgage.ca
cibc 24 hour atm near me,590,22,0.4300000071525574,www.cibc.com
best insurance quote,90,22,21.61000061035156,www.ratehub.ca
30 day gic rates canada,90,22,1.5199999809265137,www.nerdwallet.com
canada mortgage rate chart,140,22,1.6100000143051147,wowa.ca
cost of installing a swimming pool,260,22,3.009999990463257,www.nerdwallet.com
cibc austin ave,70,22,2.369999885559082,www.cibc.com
bank prime rate today,260,22,0.0,www.ratehub.ca
best comparison sites car insurance,70,22,15.539999961853027,www.ratehub.ca
closing costs calculator manitoba,70,22,0.1000000014901161,www.truenorthmortgage.ca
closing cost calculator manitoba,70,22,0.1000000014901161,www.truenorthmortgage.ca
cost of swimming pool installation,260,22,3.009999990463257,www.nerdwallet.com
banks prime rate today,260,22,0.0,www.ratehub.ca
cibc atm usd,480,22,0.5099999904632568,www.cibc.com
canada mortgage rates chart,140,22,1.6100000143051147,wowa.ca
nesto inc,480,22,1.75,www.nesto.ca
mortgage rates in ontario 2025,70,22,1.5499999523162842,www.truenorthmortgage.ca
best mortgage rate in toronto,590,22,3.889999866485596,www.truenorthmortgage.ca
cashback credit cards,880,22,6.409999847412109,www.nerdwallet.com
closing cost calculator manitoba,70,22,0.1000000014901161,wowa.ca
cost of installing swimming pool,260,22,3.009999990463257,www.nerdwallet.com
buyer market,480,22,0.0,www.rbcroyalbank.com
nesto review,390,22,4.28000020980835,www.nesto.ca
300 usd to cad td,480,22,0.0,www.td.com
banque scotia fabreville,90,22,4.860000133514404,www.scotiabank.com
10 ounce silver bar price,90,22,0.8100000023841858,www.td.com
10 oz of silver worth,880,22,0.7099999785423279,www.td.com
10 oz silver bar price,90,22,0.8100000023841858,www.td.com
100 oz silver bar,720,22,0.8100000023841858,www.td.com
banking fees,320,22,2.8399999141693115,www.scotiabank.com
100oz silver bar,720,22,0.8100000023841858,www.td.com
10oz silver bar price,90,22,0.8100000023841858,www.td.com
banking charges,320,22,2.8399999141693115,www.scotiabank.com
bank of montreal st albert hours,70,22,0.0599999986588954,www.bmo.com
30-day gic rates canada,90,22,1.5199999809265137,www.td.com
2501 third line oakville on l6m 5a9,70,22,0.0,www.rbcroyalbank.com
5-year variable mortgage rates,1000,22,1.569999933242798,www.rbcroyalbank.com
accept credit card,90,22,15.84000015258789,www.td.com
bank of montreal athens,90,22,4.920000076293945,www.bmo.com
220 portage avenue winnipeg mb,140,22,0.0,www.rbcroyalbank.com
bank offers for newcomers,90,22,5.860000133514404,www.scotiabank.com
bank near me open now,720,22,3.4000000953674316,www.rbcroyalbank.com
bank of montreal sylvan lake,110,22,0.6299999952316284,www.bmo.com
bank chequing accounts,90,22,18.780000686645508,www.td.com
bank of nova scotia new york,110,22,0.0,www.scotiabank.com
bns isa,90,22,0.0,www.scotiabank.com
bank drive-thru near me,110,22,0.2800000011920929,www.td.com
property capital gains tax canada calculator,110,22,0.550000011920929,www.nesto.ca
5 year variable rate mortgage,1000,22,1.569999933242798,www.rbcroyalbank.com
1 oz silver coin canada price,390,22,1.059999942779541,www.td.com
bank fees,320,22,2.8399999141693115,www.scotiabank.com
best bank gic rates canada,170,22,1.9800000190734863,www.scotiabank.com
bns stock tsx dividend,320,22,0.0,www.scotiabank.com
bancos near me,390,22,1.2699999809265137,www.rbcroyalbank.com
bns to dividend,390,22,0.0,www.scotiabank.com
bns.to dividend,390,22,0.0,www.scotiabank.com
bank of montreal online banking canada sign in,320,22,0.0,www.bmo.com
bank of montreal parry sound,90,22,1.559999942779541,www.bmo.com
bank of montreal promenade,390,22,0.699999988079071,www.bmo.com
bank of montreal jobs edmonton,110,22,0.0,www.bmo.com
carte crédit virtuelle,90,22,14.890000343322754,www.rbcroyalbank.com
calculate my car payment,90,22,1.059999942779541,www.scotiabank.com
calculate my car payments,90,22,1.059999942779541,www.scotiabank.com
barrie scotiabank,90,22,0.8500000238418579,www.scotiabank.com
1 oz gold bar price today,170,22,0.5600000023841858,www.td.com
cash back calculator,140,22,0.0,www.rbcroyalbank.com
can you cancel auto deposit e transfer,90,22,0.0,www.rbcroyalbank.com
bank of montreal hamilton hours,90,22,0.0,www.bmo.com
can you deposit money at an atm,260,22,0.0,www.scotiabank.com
banque scotia services aux particuliers,140,22,3.180000066757202,www.scotiabank.com
banque scotia service à la clientèle quebec,90,22,4.949999809265137,www.scotiabank.com
6880 financial drive mississauga,480,22,0.0,www.rbcroyalbank.com
bank of montreal downtown ottawa,110,22,1.180000066757202,www.bmo.com
bank of montreal saskatoon hours,390,22,0.0700000002980232,www.bmo.com
1 kilo of gold worth,110,22,0.0,www.td.com
bank of montreal cornwall island,90,22,0.0799999982118606,www.bmo.com
bank of montreal transit 00022,110,22,0.0,www.bmo.com
bank drive thru near me,110,22,0.2800000011920929,www.td.com
first-time home buyer manitoba,390,22,3.190000057220459,www.nesto.ca
bank of montreal yorkton,480,22,4.960000038146973,www.bmo.com
banque royale gatineau,320,22,3.1700000762939453,www.rbcroyalbank.com
5k loan,90,22,9.09000015258789,www.scotiabank.com
big bank mortgage rates canada,110,22,2.549999952316284,www.ratehub.ca
best usd credit card in canada,170,22,6.679999828338623,www.ratehub.ca
best us dollar credit card in canada,170,22,6.679999828338623,www.ratehub.ca
best us credit card in canada,170,22,6.679999828338623,www.ratehub.ca
best us credit card canada,170,22,6.679999828338623,www.ratehub.ca
first time home buyers manitoba,390,22,3.190000057220459,www.nesto.ca
best line of credit canada,390,22,8.710000038146973,wowa.ca
home loan refinance broker,70,22,3.440000057220459,www.truenorthmortgage.ca
safest place in canada,110,22,0.0,www.nesto.ca
best mortgage rates in new brunswick,70,22,4.329999923706055,wowa.ca
bmo 1800,110,22,1.7300000190734863,www.bmo.com
mortgage broker for refinance,70,22,3.440000057220459,www.truenorthmortgage.ca
mortgage broker for refinancing,70,22,3.440000057220459,www.truenorthmortgage.ca
best rbc savings account,90,22,6.769999980926514,www.rbcroyalbank.com
prêts alternatifs,720,22,6.480000019073486,www.nesto.ca
bmo aeroplan credit card,110,22,6.449999809265137,www.bmo.com
mortgage broker refinance,70,22,3.440000057220459,www.truenorthmortgage.ca
mortgage broker refinancing,70,22,3.440000057220459,www.truenorthmortgage.ca
bmo bank kitchener,90,22,3.0,www.bmo.com
mortgage broker to refinance,70,22,3.440000057220459,www.truenorthmortgage.ca
buyers market,480,22,0.0,www.rbcroyalbank.com
best mortgage rates in toronto,590,22,3.889999866485596,wowa.ca
bmo athens,90,22,4.920000076293945,www.bmo.com
bank offers to open a new account,70,22,10.289999961853027,www.bmo.com
bns online banking,880,22,0.3000000119209289,www.scotiabank.com
bank of montreal yonge and gerrard,110,22,0.0,www.bmo.com
10 york mills,90,22,0.0,www.rbcroyalbank.com
bank charges,320,22,2.8399999141693115,www.scotiabank.com
banks near me open now,720,22,3.4000000953674316,www.rbcroyalbank.com
bank of montreal westmount edmonton,140,22,2.3399999141693115,www.bmo.com
nesto reviews,390,22,4.28000020980835,www.nesto.ca
banks open near me now,720,22,3.4000000953674316,www.rbcroyalbank.com
buyer's market,480,22,0.0,www.rbcroyalbank.com
nest mortgage,140,22,5.170000076293945,www.nesto.ca
atm scotiabank near me,8100,22,0.2000000029802322,www.scotiabank.com
best place to exchange us dollars for canadian dollars,140,22,2.430000066757202,www.td.com
bathurst and sheppard td,140,22,1.2300000190734863,www.td.com
average mortgage rate toronto,110,21,2.619999885559082,www.ratehub.ca
bmo acton,170,21,1.0199999809265137,www.bmo.com
banks penticton,170,21,2.9600000381469727,www.rbcroyalbank.com
banks in penticton bc,170,21,2.9600000381469727,www.rbcroyalbank.com
best new car loan rates,170,21,4.929999828338623,www.scotiabank.com
can you book a hotel without a credit card,140,21,4.639999866485596,www.nerdwallet.com
can you book hotel without credit card,140,21,4.639999866485596,www.nerdwallet.com
bank of montreal vegreville,170,21,2.549999952316284,www.bmo.com
banks in penticton,170,21,2.9600000381469727,www.rbcroyalbank.com
bank institution number rbc,140,21,0.1500000059604644,www.rbcroyalbank.com
checking accounts with high interest,140,21,4.260000228881836,www.nerdwallet.com
best chequing account offers canada,90,21,6.170000076293945,www.scotiabank.com
bank of montreal whitby mall,170,21,1.600000023841858,www.bmo.com
augmenter limite de crédit,170,21,7.710000038146973,www.scotiabank.com
bank of montreal st john's nl,170,21,2.7200000286102295,www.bmo.com
bank identification code scotiabank,170,21,0.0,www.scotiabank.com
bank sign up online,140,21,49.11000061035156,www.scotiabank.com
best investments right now,170,21,4.789999961853027,www.nerdwallet.com
augmentation limite de crédit,170,21,7.710000038146973,www.scotiabank.com
banks open on weekends near me,170,21,2.0999999046325684,www.rbcroyalbank.com
banque royale rimouski,170,21,2.9100000858306885,www.rbcroyalbank.com
cheapest day of the week to fly,210,21,1.7300000190734863,www.nerdwallet.com
banque scotia plateau,140,21,3.9600000381469727,www.scotiabank.com
call cibc online banking,210,21,3.4200000762939453,www.cibc.com
best business banking canada,210,21,10.029999732971191,www.bmo.com
bank of montreal saanich,170,21,1.5899999141693115,www.bmo.com
bank of montreal ubc,170,21,0.6100000143051147,www.bmo.com
best new car finance rates,170,21,4.929999828338623,www.ratehub.ca
cibc atm locations regina,170,21,1.6200000047683716,www.cibc.com
renew vs refinance,170,21,2.2799999713897705,www.nesto.ca
average real estate commission ontario,140,21,4.099999904632568,wowa.ca
canadian lender mortgage rates,170,21,4.800000190734863,wowa.ca
ontario first home buyer benefits,140,21,2.009999990463257,www.nesto.ca
bank near me open sunday,170,21,2.0999999046325684,www.td.com
nesto montreal,90,21,2.759999990463257,www.nesto.ca
what are the safest cities in canada,170,21,0.0,www.nesto.ca
canadian lender mortgage rates,170,21,4.800000190734863,www.truenorthmortgage.ca
bank open on sunday near me,170,21,2.0999999046325684,www.td.com
bank open sunday near me,170,21,2.0999999046325684,www.td.com
best mortgage renewal rates ontario,140,21,4.889999866485596,wowa.ca
banks near me open on sunday,170,21,2.0999999046325684,www.td.com
bourse banque td,210,21,0.0,www.td.com
banks open on a sunday near me,170,21,2.0999999046325684,www.td.com
banks open on sunday near me,170,21,2.0999999046325684,www.td.com
calculate mortgage payment ontario,110,21,0.959999978542328,www.ratehub.ca
banks open on sundays near me,170,21,2.0999999046325684,www.td.com
banks open sunday near me,170,21,2.0999999046325684,www.td.com
banks that are open on sunday near me,170,21,2.0999999046325684,www.td.com
banque td bourse,210,21,0.0,www.td.com
banque td easyweb,140,21,0.0399999991059303,www.td.com
best 3-year fixed mortgage rates bc,170,21,1.649999976158142,wowa.ca
best trading canada,170,21,1.059999942779541,www.td.com
interest rates toronto,210,21,2.740000009536743,www.nesto.ca
banque td hull,170,21,0.3600000143051147,www.td.com
calculate mortgage payments ontario,110,21,0.959999978542328,www.ratehub.ca
renewal vs refinance,170,21,2.2799999713897705,www.nesto.ca
atm toronto,140,21,4.639999866485596,www.td.com
best 3 year fixed mortgage rates bc,170,21,1.649999976158142,wowa.ca
best personal loans lenders,170,21,14.260000228881836,www.ratehub.ca
best business banking in canada,210,21,10.029999732971191,www.nerdwallet.com
bank of montreal kingsville,170,21,3.2899999618530273,www.bmo.com
best banks accounts,170,21,11.529999732971191,www.nerdwallet.com
best bank in canada for business,210,21,10.029999732971191,www.nerdwallet.com
best bank accounts,170,21,11.529999732971191,www.nerdwallet.com
dom real estate,170,21,0.0,wowa.ca
dom in real estate,170,21,0.0,wowa.ca
apr home loan,170,21,2.619999885559082,www.rbcroyalbank.com
bank of montreal hastings,170,21,0.6499999761581421,www.bmo.com
cash deposit machine near me,210,21,0.0099999997764825,www.rbcroyalbank.com
bank of montreal edmonton downtown,170,21,1.090000033378601,www.bmo.com
best personal loan,170,21,14.260000228881836,www.ratehub.ca
1 10 oz gold,140,21,1.0199999809265137,www.td.com
bank of montreal downtown edmonton,170,21,1.090000033378601,www.bmo.com
330 front st west,110,21,0.0,www.rbcroyalbank.com
best 3-year fixed mortgage rates bc,170,21,1.649999976158142,www.truenorthmortgage.ca
100oz silver,140,21,0.9800000190734864,www.td.com
best mortgage rates vancouver bc,170,21,2.8399999141693115,www.ratehub.ca
best personal loan lenders,170,21,14.260000228881836,www.ratehub.ca
bank of montreal campbellford,210,21,1.3799999952316284,www.bmo.com
bank of montreal barrie hours,170,21,0.0,www.bmo.com
bank of montreal acton,170,21,1.0199999809265137,www.bmo.com
any banks open on a sunday,170,21,2.2200000286102295,www.td.com
best personal loans,170,21,14.260000228881836,www.ratehub.ca
apply loan,140,21,14.399999618530272,www.td.com
banque td prêt auto,170,21,3.259999990463257,www.td.com
6880 financial drive mississauga on,480,19,0.1899999976158142,www.rbcroyalbank.com
banks near me open,1900,19,3.2899999618530273,www.rbcroyalbank.com
bank open near me,1900,19,3.2899999618530273,www.rbcroyalbank.com
bank of montreal capital markets,1600,19,11.609999656677246,www.bmo.com
banks near me with atm,1900,19,1.1200000047683716,www.rbcroyalbank.com
banks open near me,1900,19,3.2899999618530273,www.td.com
bank with atm near me,1900,19,1.1200000047683716,www.td.com
bank atms near me,1900,19,1.1200000047683716,www.rbcroyalbank.com
bank near me atm,1900,19,1.1200000047683716,www.rbcroyalbank.com
banks near me atm,1900,19,1.1200000047683716,www.rbcroyalbank.com
bank near me with atm,1900,19,1.1200000047683716,www.rbcroyalbank.com
1oz silver,1000,14,1.0099999904632568,www.td.com
apply credit card online,880,14,34.45000076293945,www.scotiabank.com
cibc ajax,1000,14,2.3399999141693115,www.cibc.com
apply for a credit card online,880,14,34.45000076293945,www.scotiabank.com
applying for a credit card online,880,14,34.45000076293945,www.scotiabank.com
apply for credit card online,880,14,34.45000076293945,www.scotiabank.com
bns structured notes,880,14,6.570000171661377,www.scotiabank.com
